subject,trial,EL_quality,AH_quality,EL_Right_P1_t_start,EL_Right_P1_t_end,EL_Right_P1_pos_start,EL_Right_P1_pos_end,EL_Right_P1_latency,EL_Right_P1_amp,EL_Right_P1_vel,EL_Right_P2_t_start,EL_Right_P2_t_end,EL_Right_P2_pos_start,EL_Right_P2_pos_end,EL_Right_P2_latency,EL_Right_P2_amp,EL_Right_P2_vel,EL_Left_P1_t_start,EL_Left_P1_t_end,EL_Left_P1_pos_start,EL_Left_P1_pos_end,EL_Left_P1_latency,EL_Left_P1_amp,EL_Left_P1_vel,EL_Left_P2_t_start,EL_Left_P2_t_end,EL_Left_P2_pos_start,EL_Left_P2_pos_end,EL_Left_P2_latency,EL_Left_P2_amp,EL_Left_P2_vel,EL_Avg_P1_t_start,EL_Avg_P1_t_end,EL_Avg_P1_pos_start,EL_Avg_P1_pos_end,EL_Avg_P1_latency,EL_Avg_P1_amp,EL_Avg_P1_vel,EL_Avg_P2_t_start,EL_Avg_P2_t_end,EL_Avg_P2_pos_start,EL_Avg_P2_pos_end,EL_Avg_P2_latency,EL_Avg_P2_amp,EL_Avg_P2_vel,AH_Right_P1_t_start,AH_Right_P1_t_end,AH_Right_P1_pos_start,AH_Right_P1_pos_end,AH_Right_P1_latency,AH_Right_P1_amp,AH_Right_P1_vel,AH_Right_P2_t_start,AH_Right_P2_t_end,AH_Right_P2_pos_start,AH_Right_P2_pos_end,AH_Right_P2_latency,AH_Right_P2_amp,AH_Right_P2_vel,AH_Left_P1_t_start,AH_Left_P1_t_end,AH_Left_P1_pos_start,AH_Left_P1_pos_end,AH_Left_P1_latency,AH_Left_P1_amp,AH_Left_P1_vel,AH_Left_P2_t_start,AH_Left_P2_t_end,AH_Left_P2_pos_start,AH_Left_P2_pos_end,AH_Left_P2_latency,AH_Left_P2_amp,AH_Left_P2_vel,AH_Avg_P1_t_start,AH_Avg_P1_t_end,AH_Avg_P1_pos_start,AH_Avg_P1_pos_end,AH_Avg_P1_latency,AH_Avg_P1_amp,AH_Avg_P1_vel,AH_Avg_P2_t_start,AH_Avg_P2_t_end,AH_Avg_P2_pos_start,AH_Avg_P2_pos_end,AH_Avg_P2_latency,AH_Avg_P2_amp,AH_Avg_P2_vel
AE09,1,1,1,1264,1288,10.0749329572064,13.0328763929869,264,2.95794343578048,166.944908665811,2292,2348,12.2852513048082,-0.659767548145482,292,-12.9450188529537,366.36329300151,1264,1288,2.51447493078579,5.21224711198031,264,2.69777218119453,141.463307118824,2288,2348,4.76756840490693,-8.29246969548508,288,-13.060038100392,360.180843760486,1264,1288,6.29470394399609,9.1225617524836,264,2.8278578084875,154.204107892317,2288,2348,8.60158157073758,-4.47611862181528,288,-13.0777001925529,363.088715636448,1172,1200,-12.1593532671168,-10.0361574141808,172,2.123195852936,92.6403674268218,2196,2260,-9.75608285751123,-20.8248614263078,196,-11.0687785687965,268.026021627594,1172,1200,-12.8054798471524,-10.019706954218,172,2.78577289293444,127.282580181479,2196,2260,-10.5652783093221,-21.6774946235127,196,-11.1122163141907,280.961089658128,1172,1200,-12.4824165571346,-10.0279321841994,172,2.45448437293522,109.185476564078,2196,2260,-10.1606805834167,-21.2511780249103,196,-11.0904974414936,274.487963209211
AE09,2,1,1,1276,1296,9.46762101810629,7.28957198057188,276,-2.17804903753441,124.583364079792,2220,2260,8.10193144501,20.8355344907045,220,12.7336030456945,466.563588801765,1276,1296,2.0130284245533,-0.209262951713568,276,-2.22229137626686,123.577930874668,2220,2260,0.312661755716029,12.7685461243612,220,12.4558843686452,445.009664695946,1276,1296,5.74032472132979,3.54015451442916,276,-2.20017020690064,124.015820307716,2220,2260,4.20729660036301,16.8020403075329,220,12.5947437071699,455.786626748855,1168,1196,-12.6084245239171,-14.5555344199025,168,-1.94710989598543,85.8706455419895,2112,2164,-14.4465972712598,-3.19907263344828,112,11.2475246378116,353.977855394839,1176,1204,-12.8996779987158,-14.6294147044774,176,-1.72973670576167,72.2784537153193,2112,2168,-14.3818466805145,-2.22320815447165,112,12.1586385260428,371.096450607483,1172,1200,-12.7654056047635,-14.5853304414793,172,-1.81992483671573,79.0745496286545,2112,2168,-14.4142219758871,-2.657056154308,112,11.7571658215791,362.537153001161
AE09,3,1,1,1268,1312,10.3896517703542,1.6514961849139,268,-8.73815558544031,282.625040002652,2228,2292,1.43746429582698,20.1225578612598,228,18.6850935654329,526.64917600099,1264,1312,2.65943269334103,-5.84396244496381,264,-8.50339513830485,251.91797724256,2228,2292,-6.03637153088427,12.0688317187016,228,18.1052032495858,511.516764874204,1264,1312,6.57454520456092,-2.09623313002496,264,-8.67077833458588,265.736110570079,2228,2292,-2.29945361752864,16.0956947899807,228,18.3951484075093,519.082970437597,1188,1244,-12.1977675793978,-19.9801599629778,188,-7.78239238358004,188.883648428598,2152,2236,-20.2317347493213,-3.81029762059799,152,16.4214371287233,385.413394242363,1192,1244,-12.3232402064082,-19.7465335733227,192,-7.42329336691445,246.016346678405,2152,2224,-19.8360263305665,-3.39367536720064,152,16.4423509633659,392.055798624407,1192,1244,-12.3383319936125,-19.8633467681503,192,-7.52501477453779,214.144878086719,2152,2224,-20.0338805399439,-3.81842923236571,152,16.2154513075782,388.734596433385
AE09,4,1,1,1236,1260,11.2257632443476,14.2973558209446,236,3.07159257659695,174.846721396904,2232,2288,13.5854273087112,0.824688932629981,232,-12.7607383760812,332.347271418659,1236,1260,3.32233613819081,6.04367554020031,236,2.7213394020095,164.972298645094,2232,2288,5.36114967682975,-7.01326248052829,232,-12.374412157358,310.643421285002,1236,1260,7.27404969126922,10.1705156805724,236,2.89646598930323,169.909510020999,2232,2288,9.47328849277045,-3.09428677394915,232,-12.5675752667196,321.49534635183,1180,1212,-12.3114403270553,-10.0027911923594,180,2.30864913469593,96.8792973927979,2172,2240,-10.0946892416341,-21.0759050499575,172,-10.9812158083233,248.515248840623,1180,1212,-11.550216684604,-9.29009552676671,180,2.26012115783728,87.6605419627673,2172,2240,-9.51974270260621,-20.7613076138717,172,-11.2415649112655,270.053947016764,1180,1212,-11.9308285058297,-9.64644335956306,180,2.2843851462666,92.2699196777825,2172,2240,-9.80721597212017,-20.9186063319146,172,-11.1113903597944,245.012773350137
AE09,5,1,1,1232,1268,11.3228441017736,20.6546792736152,232,9.3318351718416,398.371643444351,2236,2312,19.3723514928353,1.74742690733131,236,-17.624924585504,310.449641418791,1232,1268,3.40820668326678,12.6725012437222,232,9.26429456045545,380.70068981542,2236,2316,11.5451704567318,-5.9608852785767,236,-17.5060557353085,316.483649988782,1232,1268,7.36552539252019,16.6635902586687,232,9.29806486614852,389.536166629886,2236,2312,15.4587609747835,-2.02390160735154,236,-17.4826625821351,312.311187696733,1176,1228,-11.7574668420603,-3.50040021128524,176,8.25706663077506,246.950859111426,2168,2248,-4.15852919008124,-19.7662634598199,168,-15.6077342697386,263.976902031621,1176,1224,-11.3553822234258,-2.42960041422216,176,8.92578180920361,294.048782761081,2164,2252,-3.58448422534885,-19.7744273495468,164,-16.189943124198,301.580395279014,1176,1224,-11.556424532743,-3.04630849355349,176,8.51011603918954,270.499820936253,2164,2252,-3.80396862015919,-19.8281609560605,164,-16.0241923359013,269.123122006356
AE09,6,1,1,1224,1260,11.5475337493939,18.200703408101,224,6.65316965870716,230.214240363533,2232,2288,16.8689022723052,4.56947346522262,232,-12.2994288070826,298.676822971925,1224,1260,3.26835269368714,9.80024380972202,224,6.53189111603488,221.515412351888,2228,2288,8.61764379392581,-3.49896744385822,228,-12.116611237784,290.428900702159,1224,1260,7.40794322154051,14.0004736089115,224,6.59253038737102,225.86482635771,2228,2288,12.7827123648642,0.535253010682202,228,-12.247459354182,292.699041768672,1168,1216,-12.0392264061757,-6.40082387791357,168,5.63840252826209,171.216831859245,2176,2248,-7.34384313233735,-18.1418304648361,176,-10.7979873324987,259.409943255651,1168,1216,-11.5859475641029,-5.51569768817646,168,6.07024987592645,169.322102087711,2176,2240,-6.74445187165905,-17.8744691700196,176,-11.1300172983605,275.208429150881,1168,1216,-11.8125869851393,-5.95826078304501,168,5.85432620209427,170.269466973478,2176,2240,-7.0441475019982,-17.8533640770726,176,-10.8092165750744,267.309186203266
AE09,7,1,1,1216,1252,11.0337777767052,19.6719699892006,216,8.63819221249533,309.649478635224,2220,2272,19.9987391118555,6.06315193387588,220,-13.9355871779796,369.074750792108,1212,1252,2.85101918437582,11.5215353408677,212,8.67051615649187,318.322102409125,2220,2276,11.5309898646693,-2.37685807125238,220,-13.9078479359217,384.857223395851,1212,1252,6.88782804668978,15.5967526650341,212,8.70892461834435,313.606074585806,2220,2276,15.7648644882624,1.84314693131175,220,-13.9217175569507,376.96598709398,1128,1176,-12.3566751954614,-4.25687340191803,128,8.09980179354337,309.035917792451,2128,2196,-4.16108249355801,-16.9458823763275,128,-12.7847998827694,339.553111311488,1128,1180,-11.7256960740794,-3.8162828102872,128,7.90941326379224,304.30746426408,2132,2196,-3.72648220288272,-16.667015149191,132,-12.9405329463083,335.644873463492,1128,1176,-12.0411856347704,-4.16244589797842,128,7.878739736792,306.671691028266,2128,2196,-3.89573437628173,-16.8064487627592,128,-12.9107143864775,322.878108324666
AE09,8,1,1,1212,1240,11.7506271608849,17.6077302876696,212,5.85710312678474,280.319659227876,2208,2248,15.3281746362896,5.44655292431485,208,-9.88162171197471,331.081171867585,1208,1240,3.43764450409636,9.07914709613973,208,5.64150259204337,258.749043047566,2208,2248,7.06661130667489,-2.58327257505576,208,-9.64988388173065,325.620633836104,1212,1240,7.62111813648124,13.3434386919047,212,5.72232055542344,269.534351137721,2208,2248,11.1973929714822,1.43164017462955,208,-9.76575279685268,325.936139002102,1148,1188,-12.436644246661,-7.31956342359166,148,5.11708082306939,171.395974249664,2140,2196,-9.00726623313785,-17.2748105000894,140,-8.26754426695151,311.8641822521,1152,1184,-11.6908097490389,-6.62743665139127,152,5.06337309764768,185.288872547275,2140,2196,-8.80468388536658,-17.5264749007443,140,-8.72179101537775,285.640192915139,1148,1188,-12.1407197422126,-6.97350003749146,148,5.16721970472117,177.835201454941,2140,2196,-8.90597505925222,-17.4006427004168,140,-8.49466764116463,298.752187583619
AE09,9,1,1,1208,1244,11.5971536831483,19.1617402618544,208,7.56458657870603,290.94498188384,2224,2296,18.9990257614569,2.21708990673497,224,-16.781935854722,344.781172422721,1208,1248,3.48915630917831,10.9032738448275,208,7.41411753564923,298.806853248524,2220,2296,11.1309872416605,-5.80985070558749,220,-16.9408379472479,361.787116471396,1208,1248,7.54315499616332,15.06763898224,208,7.52448398607672,294.875917566182,2220,2296,15.1199951351674,-1.79638039942626,220,-16.9163755345937,353.284144447059,1124,1180,-12.1271382602592,-5.53929257734891,124,6.58784568291033,207.179163819906,2140,2228,-4.64242907783766,-19.9381499862604,140,-15.2957209084228,335.283033386487,1124,1172,-11.6993418289247,-4.62829271348196,124,7.0710491154427,240.563396523791,2140,2232,-4.09896057697971,-19.5808745442078,140,-15.4819139672281,360.654871392877,1124,1172,-11.9132400445919,-5.18051328454114,124,6.73272676005081,223.871280171849,2140,2228,-4.37069482740869,-19.6971152849426,140,-15.3264204575339,347.968952389682
AE09,10,1,1,1204,1240,11.4742531896451,20.4949969303981,204,9.02074374075296,385.558282495001,2052,2140,19.4796418822288,5.39531386441878,52,-14.08432801781,193.0760231705,1204,1240,3.53820992244539,12.2852513048082,204,8.74704138236286,375.047651129257,2052,2140,11.4222245237587,-2.37194266642253,52,-13.7941671901812,198.740549441845,1204,1240,7.50623155604526,16.3901241176032,204,8.88389256155791,380.302966812129,2052,2140,15.4509332029937,1.51168559899813,52,-13.9392476039956,191.384079058773,1148,1192,-12.0722911906827,-4.13234312329475,148,7.93994806738798,296.916350341836,1996,2092,-4.2904816924088,-17.1785785955415,-4,-12.8880969031327,228.493642200573,1144,1192,-11.9274474549447,-3.20461616544144,144,8.72283128950323,284.987492309413,1996,2088,-3.77658515143814,-16.4352092460483,-4,-12.6586240946101,221.696237800351,1148,1192,-11.8852887023636,-3.6684796443681,148,8.21680905799551,290.951921325624,1996,2092,-4.03353342192347,-16.8862989413554,-4,-12.852765519432,221.285148182416
AE09,11,1,1,1204,1232,11.6231380446405,15.0530282897981,204,3.42989024515757,161.122538268115,2200,2256,13.7225869427169,2.46287192497344,200,-11.2597150177434,322.236715598314,1204,1232,3.49160911207759,6.84586227567158,204,3.35425316359399,169.094946011332,2200,2256,5.73430289292808,-5.32942236392264,200,-11.0637252568507,289.83832872228,1204,1232,7.55737357835905,10.9494452827348,204,3.39207170437578,165.108742139724,2200,2256,9.72844491782247,-1.4332752194746,200,-11.1617201372971,305.844110108649,1152,1192,-11.9529225522802,-9.21576621608288,152,2.73715633619735,91.051599256322,2152,2208,-10.4827167531726,-19.3589701952469,152,-8.87625344207432,267.085194934631,1152,1188,-11.6311068842893,-8.53569323932979,152,3.09541364495953,123.177471628682,2144,2212,-9.53359913765645,-19.7228345725929,144,-10.1892354349365,220.809341079312,1152,1188,-11.7920147182848,-8.95202436175679,152,2.83999035652799,104.027493242936,2148,2212,-10.0329023058076,-19.609818090058,148,-9.57691578425041,241.720515068312
AE09,12,1,1,1212,1248,12.1653231448819,20.0465519586775,212,7.88122881379553,309.7913952232,2096,2164,19.8159140137591,7.33074715277697,96,-12.4851668609821,259.122187478443,1208,1248,3.57744907752336,11.646755985685,208,8.06930690816164,316.144815897539,2096,2164,11.5215353408677,-1.01420840435989,96,-12.5357437452276,248.024086616351,1212,1248,7.91552399066867,15.8466539721812,212,7.93112998151257,312.968105560369,2096,2164,15.6687246773134,3.15826937420854,96,-12.5104553031049,253.573137047397,1128,1184,-12.0420878591034,-4.57496669874499,128,7.46712116035843,217.591161810183,2012,2096,-4.38364399721058,-15.8882377276172,12,-11.5045937304066,235.09848067293,1132,1180,-11.6169747503451,-4.03601379912276,132,7.5809609512223,260.496028382841,2020,2100,-3.79074119390651,-15.5673295417846,20,-11.776588347878,220.253482368942,1132,1180,-11.7597478960473,-4.52009420359407,132,7.2396536924532,238.322605072808,2016,2100,-4.10547229347852,-15.7942615032447,16,-11.6887892097662,218.691939469924
AE09,13,1,1,1244,1284,11.2139196356464,20.615868384401,244,9.40194874875458,356.633823964919,2212,2280,20.1420903121126,4.45937309270061,212,-15.682717219412,349.691430726053,1244,1284,3.2315424629664,12.3346017910102,244,9.10305932804377,353.302756008643,2212,2280,11.6443943720379,-4.02109933368034,212,-15.6654937057183,372.512906470631,1244,1284,7.22273104930639,16.4752350877056,244,9.25250403839918,354.968289986781,2212,2280,15.8932423420753,0.219136879510138,212,-15.6741054625651,361.102168598342,1192,1248,-12.3109966298842,-3.78183947000202,192,8.52915715988218,254.625594035504,2160,2244,-4.44089616100506,-18.8500727817893,160,-14.4091766207842,272.822168218264,1192,1248,-11.8126230043988,-3.06074600661832,192,8.75187699778046,245.075474120433,2164,2236,-3.64979022081019,-18.0205214183248,164,-14.3707311975146,308.97096821354,1192,1248,-12.0618098171415,-3.42129273831017,192,8.64051707883132,246.38369584152,2160,2240,-3.9725857954166,-18.3916977522211,160,-14.4191119568045,272.205054594609
AE09,14,1,1,1276,1308,11.0551219704731,5.90243002863222,276,-5.15269194184089,227.453726369767,2220,2272,5.90243002863222,20.0965070017917,220,14.1940769731595,472.040925820402,1276,1308,3.26344481831309,-1.4546868165413,276,-4.71813163485439,212.475896141405,2220,2276,-2.158089731205,11.6255000191183,220,13.7835897503233,436.4959928813,1276,1308,7.1592833943931,2.22387160604546,276,-4.93541178834764,219.964811255586,2220,2272,1.87217014871361,15.8054755161773,220,13.9333053674636,454.268459350851,1220,1260,-13.1732793464937,-17.2785094916364,220,-4.10523014514272,148.013851026997,2160,2224,-18.0228419254399,-5.00868675718356,160,13.0141551682563,329.682864007399,1220,1260,-11.9728447423913,-16.1978933129138,220,-4.22504857052254,150.180674547432,2164,2228,-17.4087268246983,-4.14188722775164,164,13.2668395969466,343.999637166742,1220,1260,-12.5730620444425,-16.7382014022751,220,-4.16513935783263,149.097262787214,2164,2224,-17.6394078641148,-4.68019218920127,164,12.9592156749135,332.535269334375
AE09,15,1,1,1272,1300,11.0788340975891,6.22134511607724,272,-4.85748898151186,230.800594837809,2200,2248,5.22445492446463,20.8269321508165,200,15.6024772263519,481.891938520163,1268,1304,2.97625305176276,-2.0449933680843,268,-5.02124641984706,207.848934354189,2196,2248,-2.67908540167676,12.1911991965683,196,14.8702845982451,467.670962226428,1272,1304,6.94527927495798,2.02855356486865,272,-4.91672571008933,219.324764595999,2196,2248,1.25193051307157,16.5090656736924,196,15.2571351606209,471.451094296874,1200,1244,-13.4223641741307,-17.3338881954676,200,-3.91152402133698,144.752841741403,2124,2184,-17.8782262356227,-3.30245864218751,124,14.5757675934352,336.775453716398,1200,1236,-12.4967739942501,-16.3435449425291,200,-3.84677094827901,156.823197816158,2124,2192,-17.3382044025041,-2.96852814777675,124,14.3696762547274,388.962064076574,1200,1240,-12.9595690841904,-16.8198919809444,200,-3.86032289675397,145.614589765336,2124,2184,-17.6082153190634,-3.35083146587695,124,14.2573838531864,357.802787646022
AE09,16,1,1,1256,1288,11.8591360441366,17.6345660777323,256,5.77543003359566,269.066152859194,2216,2264,16.8846832848666,6.59818664052719,216,-10.2864966443394,303.179889506807,1256,1288,3.85692865693275,9.29507220605044,256,5.43814354911768,264.22568865521,2216,2264,8.92063620621317,-1.23815702601364,216,-10.1587932322268,310.08333837472,1256,1288,7.8580323505347,13.4648191418914,256,5.60678679135667,266.645920757202,2216,2264,12.9026597455399,2.68001480725677,216,-10.2226449382831,306.631613940764,1164,1208,-12.8441645143741,-7.67134130232464,164,5.17282321204951,185.919221850067,2124,2188,-7.76444315540851,-17.0150191708849,124,-9.25057601547638,235.60165834143,1164,1208,-11.4710497416704,-6.10343264052091,164,5.36761710114953,178.047378344625,2124,2188,-6.63119228433136,-16.2750775405948,124,-9.6438852562634,247.541643745679,1164,1208,-12.1576071280223,-6.88738697142277,164,5.27022015659952,181.194494156278,2124,2188,-7.19781771986994,-16.6450483557398,124,-9.44723063586989,241.571651043555
AE09,17,1,1,NaN,NaN,NaN,NaN,NaN,NaN,NaN,2196,2236,8.81969375810342,20.5187546253191,196,11.6990608672156,423.495742535282,NaN,NaN,NaN,NaN,NaN,NaN,NaN,2196,2236,0.758229566424524,12.0782485852099,196,11.3200190187854,421.20004887581,NaN,NaN,NaN,NaN,NaN,NaN,NaN,2196,2236,4.78896166226397,16.2985016052645,196,11.5095399430005,422.347895705546,1184,1212,-13.1408845915712,-14.8524840726275,184,-1.71159948105632,73.823097812043,2104,2160,-15.455910675951,-5.16914849598682,104,10.2867621799642,288.542198475812,1184,1212,-11.9360111856972,-13.8930445951027,184,-1.95703340940548,85.2195533774418,2104,2156,-14.3043098847796,-3.57820839610435,104,10.7261014886753,331.508218343362,1184,1212,-12.5384478886342,-14.3727643338651,184,-1.8343164452309,79.5213255947423,2104,2160,-14.8801102803653,-4.32517990076212,104,10.5549303796032,310.025208409587
AE09,18,1,1,1256,1288,10.6609458922771,6.41834470100533,256,-4.24260119127176,208.955196493613,2220,2280,4.71866651053332,19.5037079875746,220,14.7850414770413,434.191666151699,1256,1296,2.5857294971034,-1.71053160600451,256,-4.29626110310791,195.329771243761,2220,2280,-3.21190924598402,11.2849666942389,220,14.4968759402229,429.926788312333,1256,1292,6.62333769469025,2.33146026238572,256,-4.29187743230453,202.142483868687,2220,2280,0.753378632274653,15.3943373409068,220,14.6409587086321,431.250552252892,1188,1232,-12.8841916216463,-16.5677588509698,188,-3.6835672293235,121.015364907044,2148,2212,-17.9970727157975,-5.25279224241727,148,12.7442804733802,342.591095175979,1188,1224,-12.6601800355818,-16.1216516355601,188,-3.46147159997831,134.700400539899,2148,2220,-17.811794793561,-4.15061419028672,148,13.6611806032743,340.048601829983,1188,1228,-12.7721858286141,-16.3367198319832,188,-3.56453400336913,127.857882723471,2148,2216,-17.9044337546792,-4.72543035499225,148,13.179003399687,338.588909797541
AE09,19,1,1,1224,1248,11.830837665438,15.3167245607854,224,3.48588689534736,187.618748676423,2252,2312,14.9795351774313,2.27854341911168,252,-12.7009917583196,314.969760808488,1224,1248,4.1141818509189,7.61633929559151,224,3.50215744467261,168.540488482776,2252,2308,6.69048740901144,-5.44655292431485,252,-12.1370403333263,334.628813152414,1224,1248,7.97250975817846,11.4665319281884,224,3.49402217000999,178.0796185796,2252,2308,10.8350112932214,-1.46726759381334,252,-12.3022788870347,323.416342873191,1148,1176,-12.7031758185371,-9.69698235641009,148,3.00619346212702,135.465251676609,2176,2240,-10.5903685489975,-21.3760580823633,176,-10.7856895333658,213.793781251322,1148,1180,-12.1686868081897,-9.07097679821056,148,3.09771000997916,120.115569656428,2176,2244,-9.98363590695604,-21.2475028672161,176,-11.26386696026,237.468884146805,1148,1180,-12.4359313133634,-9.31529842171046,148,3.12063289165296,127.086567222321,2176,2244,-10.2870022279768,-21.3861282782108,176,-11.099126050234,223.62142620123
AE09,20,1,1,1300,1320,12.0193823206604,10.4039422681398,300,-1.61544005252063,90.0891454955273,2224,2272,9.05273827831421,22.049101097616,224,12.9963628193018,406.004528148316,1300,1324,3.90349108159325,2.16546500613252,300,-1.73802607546074,81.3264866538874,2224,2276,1.3907161531308,13.7736902845693,224,12.3829741314385,385.120575167546,1300,1320,7.96143670112683,6.37934037150917,300,-1.58209632961766,85.7078160747073,2224,2276,5.2217272157225,17.9800656279497,224,12.7583384122272,395.562551657931,1240,1264,-13.3044366431087,-14.516036393973,240,-1.21159975086436,54.9118601484357,2156,2212,-15.6935829986415,-4.33784157573748,156,11.355741422904,330.587117169737,1236,1256,-12.5415274359043,-13.6959996231588,236,-1.15447218725446,63.1224301695083,2156,2220,-14.9593964875746,-3.07483619046237,156,11.8845602971123,298.772816822627,1236,1260,-12.8594790441909,-14.0903599866718,236,-1.23088094248082,59.0171451589719,2156,2216,-15.326489743108,-3.70145968861634,156,11.6250300544917,314.679966996182
AE09,21,1,1,1252,1280,11.7553467224391,18.0316877815681,252,6.27634105912898,272.422613514008,2252,2304,17.4174154524999,4.92645112583697,252,-12.4909643266629,330.579765569938,1252,1280,3.73927467686292,10.1322008452463,252,6.39292616838342,266.36409374616,2252,2304,9.3334312021075,-3.13582343939951,252,-12.469254641507,343.922294342076,1252,1280,7.74731069965103,14.0819443134072,252,6.3346336137562,269.393353630084,2252,2304,13.3754233273037,0.895313843218728,252,-12.480109484085,337.251029956007,1172,1216,-13.2714522422684,-8.14100055025104,172,5.13045169201733,191.693837317863,2176,2236,-8.68072852639951,-19.0457262943123,176,-10.3649977679127,255.220354359834,1172,1216,-12.5188275040825,-6.50867644521886,172,6.01015105886364,233.111889277621,2176,2236,-7.58368106984073,-18.6992584327228,176,-11.1155773628821,287.077110342841,1172,1216,-12.8951398731754,-7.32483849773495,172,5.57030137544048,212.402863297742,2176,2236,-8.13220479812012,-18.8724923635175,176,-10.7402875653974,268.058806093381
AE09,22,1,1,1292,1312,11.504988393913,9.85760825185553,292,-1.64738014205752,93.3326061205268,2216,2264,9.69263206598351,20.3544603325788,216,10.6618282665953,387.391692696575,1292,1316,3.67062853823137,1.84334783058325,292,-1.82728070764812,79.5862591554123,2216,2260,2.09662634737885,12.4027218993613,216,10.3060955519825,360.939986568467,1292,1316,7.58780846607221,5.7655977718895,292,-1.82221069418271,86.4594326379694,2216,2260,5.89462920668118,16.297353141118,216,10.4027239344368,371.825771826262,1220,1252,-13.5838524565257,-15.3673009967971,220,-1.78344854027141,66.3000910766613,2148,2200,-15.019550778419,-5.71982222669941,148,9.29972855171963,259.89697961587,1228,1252,-12.5060692481107,-13.9514990570333,228,-1.44542980892263,64.8498931408212,2148,2200,-14.1632342686957,-4.1413730620065,148,10.0218612066892,304.324517988328,1224,1252,-13.0504217335084,-14.6594000269152,224,-1.60897829340679,60.9702739487916,2148,2200,-14.5913925235574,-4.93059764435295,148,9.66079487920442,277.679492102092
AE09,23,1,1,1244,1280,10.991080090449,6.30648678940179,244,-4.68459330104722,185.235282840067,2200,2252,5.46363067340204,21.51625722051,200,16.052626547108,486.404528221631,1244,1284,3.33951145498185,-1.58015704925177,244,-4.91966850423362,187.281483231094,2200,2248,-2.26133695826845,13.0492324017014,200,15.3105693599698,493.486413252991,1244,1284,7.16529577271543,2.27800940004717,244,-4.88728637266826,186.258383035581,2200,2252,1.6011468575668,17.367965024824,200,15.7668181672572,488.24894005574,1168,1212,-14.1103447893127,-18.2009444157752,168,-4.09059962646248,127.410866298485,2124,2180,-18.678651494102,-4.45958115427595,124,14.219070339826,435.069471926162,1172,1216,-13.2999784587289,-17.4669120661043,172,-4.16693360737543,118.698490170143,2120,2184,-18.1102525760219,-3.1809591100893,120,14.9292934659326,371.785006300268,1168,1212,-13.6459831003485,-17.7505769102197,168,-4.10459380987123,123.054678234314,2120,2184,-18.4641902500773,-3.77642221439906,120,14.6877680356782,403.427239113215
AE09,24,1,1,1276,1316,11.2210259174234,19.4074006676903,276,8.18637475026689,317.573543439579,2208,2276,20.6654565613093,5.15364302506711,208,-15.5118135362422,328.604216108848,1276,1316,3.26589876199741,11.4198591300564,276,8.15396036805896,308.015123413481,2208,2276,12.64437681939,-2.7110197052191,208,-15.3553965246091,334.266670738986,1276,1316,7.24346233971039,15.4136298988733,276,8.17016755916292,312.79433342653,2208,2276,16.6549166903496,1.22131165992401,208,-15.4336050304256,331.435443423917,1184,1228,-13.3699175643041,-6.45369928709103,184,6.91621827721302,213.094549649104,2116,2196,-5.0282788429011,-18.9600769677336,116,-13.9317981248325,278.234500671644,1184,1232,-12.6958032992533,-5.24222094792314,184,7.45358235133013,270.604847324588,2116,2188,-3.83347834663382,-17.892833790618,116,-14.0593554439842,263.38722370465,1184,1232,-13.0328604317787,-5.77306519410972,184,7.25979523766895,239.519922850723,2116,2192,-4.43087859476746,-18.4217388663975,116,-13.99086027163,267.249918870718
AE09,25,1,1,1256,1308,11.5947912284462,1.0708139999518,256,-10.5239772284944,311.269292363697,2204,2256,2.93205605158524,21.2943211434013,204,18.362265091816,540.104656439781,1256,1308,3.45481572813835,-6.59575720621671,256,-10.0505729343551,292.824188721682,2204,2264,-4.82135244601505,13.1379843452328,204,17.9593367912479,495.934384361924,1256,1308,7.52480347829228,-2.76247160313246,256,-10.2872750814247,302.046740542689,2204,2260,-0.944648197214907,17.2063913495778,204,18.1510395467927,513.414974131294,1184,1248,-13.7492805521955,-22.4860432851773,184,-8.7367627329818,256.003934543538,2124,2196,-21.544277272612,-4.77251772442337,124,16.7717595481887,356.788310762224,1184,1252,-12.8933874213052,-22.280002372752,184,-9.38661495144674,222.56248898216,2128,2192,-20.6011401803004,-3.74758724532284,128,16.8535529349776,389.645412522755,1184,1248,-13.3213339867504,-22.3104434916193,184,-8.98910950486894,239.283211762849,2128,2196,-20.9912412263573,-4.20100257242949,128,16.7902386539278,370.663272466264
AE09,26,1,1,1244,1288,11.9628464658309,2.76505852260268,244,-9.19778794322819,348.956398039148,2216,2292,2.98607412779687,23.0069115424353,216,20.0208374146384,540.147071393113,1244,1288,3.50632566007635,-5.36603050972316,244,-8.87235616979951,323.66315228209,2216,2296,-5.04373130764272,14.2881083052981,216,19.3318396129408,454.397673247179,1244,1288,7.73458606295361,-1.30048599356024,244,-9.03507205651385,331.600334920333,2216,2292,-1.02882858992292,18.640573574418,216,19.6694021643409,491.825313641797,1184,1240,-13.7660984105565,-21.746607256542,184,-7.98050884598552,239.331534495275,2148,2240,-21.6841423336435,-3.44775501959027,148,18.2363873140532,351.293565522531,1184,1240,-12.9669762522134,-20.903409884261,184,-7.93643363204757,228.770496649332,2152,2244,-20.4804404688462,-2.46654915468007,152,18.0138913141661,396.562556406413,1184,1240,-13.366537331385,-21.3250085704015,184,-7.95847123901655,234.051015572303,2148,2244,-21.1431670344651,-2.89257372894691,148,18.2505933055182,358.970866570219
AE09,27,1,1,1252,1288,12.1653231448819,2.95169959706978,252,-9.21362354781216,334.520911594391,2204,2252,2.40143456885981,19.7090712926039,204,17.3076367237441,552.694610064454,1252,1296,3.61913699752111,-5.40263426199443,252,-9.02177125951554,339.764335472129,2204,2256,-5.49778324754923,11.3370455465501,204,16.8348287940993,488.293877013897,1252,1292,7.89223007120153,-1.13637071919984,252,-9.02860079040137,337.14262353326,2204,2256,-1.54817433934471,15.6233006929136,204,17.1714750322583,519.372971000131,1180,1232,-13.7675701108539,-21.9453321866845,180,-8.17776207583057,237.004630215688,2132,2184,-21.952418386805,-6.58303715889754,132,15.3693812279075,473.815530479274,1176,1236,-12.6986506673671,-21.0485297233926,176,-8.34987905602555,261.106464661811,2128,2192,-21.5117257216551,-5.46146247992233,128,16.0502632417328,418.451341199096,1176,1232,-13.1570447232187,-21.4284083228341,176,-8.27136359961541,247.297415396221,2128,2188,-21.7939406811795,-6.11258522512214,128,15.6813554560574,446.133435839185
AE09,28,1,1,1292,1312,12.5247790367131,15.3968487254428,292,2.87206968872963,168.328249725377,2280,2328,15.1172932036123,2.38914643001472,280,-12.7281467735976,387.038746118107,1292,1312,4.37616420892194,7.05206284420485,292,2.67589863528291,170.78478222166,2280,2328,6.64434135499119,-5.73430289292808,280,-12.3786442479193,388.390699019829,1292,1312,8.45047162281753,11.2244557848238,292,2.77398416200627,168.681380449472,2280,2328,10.8808172793018,-1.67257823145668,280,-12.5533955107584,382.672515492754,1228,1260,-13.6781518861419,-11.0640402370186,228,2.61411164912331,111.43866207797,2216,2276,-11.4396082779544,-22.0903308185737,216,-10.6507225406193,305.220731808589,1228,1260,-12.2611764932542,-9.61590662899787,228,2.64526986425637,120.850974811912,2216,2272,-10.0615488816684,-21.1589491880179,216,-11.0974003063495,343.694920439894,1228,1260,-12.9696641896981,-10.3399734330082,228,2.62969075668984,116.144818444941,2216,2272,-10.7505785798114,-21.5560853548517,216,-10.8055067750403,313.400722421551
AE09,29,1,1,1256,1284,12.6678142703986,18.2628899421941,256,5.59507567179556,291.949114514574,2260,2308,17.6233854689127,5.83908959328889,260,-11.7842958756238,342.956631361959,1256,1288,4.88246033275656,10.2276018274708,256,5.34514149471426,267.043026335336,2260,2308,9.59691916232584,-1.7794016636922,260,-11.376320826018,332.11612423658,1256,1284,8.77513730157756,14.173684481615,256,5.39854718003745,279.496070424955,2260,2308,13.6101523156192,2.02984396479835,260,-11.5803083508209,336.424234407859,1144,1192,-13.8638831845689,-8.57799168236524,144,5.28589150220367,160.614118525623,2152,2212,-8.79534450725437,-19.0984251727698,152,-10.3030806655154,256.883042799804,1148,1188,-11.9061296824187,-6.87504951426729,148,5.03108016815138,199.713063871589,2152,2212,-7.41693253502577,-17.7340309030608,152,-10.317098368035,297.614514810834,1148,1188,-12.7811031665896,-7.8070651172655,148,4.97403804932413,180.163591198606,2152,2212,-8.10613852114007,-18.4162280379153,152,-10.3100895167752,277.248778805319
AE09,30,1,1,1208,1248,12.7498113712231,19.698160929641,208,6.94834955841792,288.652883033771,2080,2128,20.5381872566731,13.9848342678871,80,-6.5533529887859,188.184463177789,1208,1248,4.42266559355291,11.1878602804539,208,6.765194686901,288.974909306215,2084,2128,12.1064952090252,5.97793238625049,84,-6.12856282277476,187.155152765142,1208,1248,8.586238482388,15.4430106050475,208,6.85677212265946,288.813896169993,2080,2128,16.3623410459086,9.98138332706882,80,-6.38095771883975,187.669807971465,1152,1208,-13.6023516580087,-7.02321596219928,152,6.57913569580939,187.936810366664,2032,2092,-5.44693279189939,-11.5178766813579,32,-6.07094388945849,165.044075069212,1160,1208,-12.190394776986,-5.60702376654711,160,6.58337101043887,208.88226241068,2036,2092,-4.42849657723487,-10.2467003053955,36,-5.81820372816059,158.486009463206,1156,1208,-12.8552408047266,-6.3151198643732,156,6.54012094035342,193.474404120364,2036,2092,-5.02121764908797,-10.8822884933767,36,-5.86107084428871,160.569278954369
AE09,31,1,1,1248,1268,12.6350006339319,10.0200321363282,248,-2.61496849760371,153.822099191417,2176,2224,9.50115215947313,20.6676118353798,176,11.1664596759066,368.278997372428,1248,1276,4.13132627248603,1.33412382405712,248,-2.79720244842891,142.559094318882,2180,2220,1.23077466995774,11.9086440783109,180,10.6778694083531,375.10088950774,1248,1272,8.38316345320899,5.76976589462387,248,-2.61339755858512,148.19059675515,2180,2220,5.39230267326383,16.2061405115464,180,10.8138378382826,371.464012106911,1164,1192,-13.3613418846268,-15.4524605188688,164,-2.09111863424202,85.2564759205332,2092,2148,-16.0484792533804,-5.59716488901578,92,10.4513143643646,299.073063267694,1164,1196,-12.2911251296116,-14.6437727098666,164,-2.35264758025493,95.2464837678052,2092,2148,-15.2804742141852,-4.5614763557973,92,10.7189978583879,339.643220862792,1164,1196,-12.8262335071192,-15.1108054452204,164,-2.28457193810119,89.4318669143529,2092,2148,-15.6644767337828,-5.07932062240654,92,10.5851561113763,318.966226205885
AE09,32,1,1,1204,1244,12.4778475910569,6.17024684402177,204,-6.3076007470351,209.289819940479,2116,2156,6.35999012674788,12.9534022122998,116,6.59341208555189,233.844201209564,1204,1244,3.80300789960834,-2.16054816414306,204,-5.9635560637514,206.387561418759,2116,2156,-2.14088047853795,4.34189633069182,116,6.48277680922977,224.086143430656,1204,1244,8.14042774533261,2.00484933993936,204,-6.13557840539325,207.838690679619,2116,2156,2.10955482410497,8.64764927149579,116,6.53809444739083,228.96517232011,1132,1180,-13.6949444957983,-18.9493718598455,132,-5.25442736404718,161.971950547634,2040,2088,-18.6632021768653,-13.0025926477526,40,5.66060952911273,189.678344034578,1128,1176,-12.5255885602131,-18.2016583012012,128,-5.67606974098805,167.921451198898,2040,2088,-18.1832636316378,-12.0989490159641,40,6.08431461567365,164.02822912512,1132,1176,-13.2019827423712,-18.4912409601554,132,-5.28925821778427,159.273077717919,2040,2088,-18.4232329042515,-12.5507708318584,40,5.87246207239319,176.853286579849
AE09,33,1,1,1256,1300,12.1723807500516,4.10193538347633,256,-8.07044536657527,300.561999672198,2224,2288,3.02290159408199,21.6142059138552,224,18.5913043197733,521.41032520051,1256,1304,3.67062853823137,-4.39574444690161,256,-8.06637298513298,288.157396022328,2220,2288,-5.30745537965456,12.8574982331727,220,18.1649536128273,495.632908110322,1256,1300,7.92150464414149,4.44089209850063e-16,256,-7.92150464414149,293.916441646178,2224,2288,-1.07635961866688,17.235852073514,224,18.3122116921809,507.64611516176,1180,1232,-13.6982543805746,-20.2485207755077,180,-6.55026639493318,210.589619865837,2148,2220,-21.1993025773473,-5.15080070062539,148,16.048501876722,400.389183322019,1180,1236,-12.775551537377,-20.140605922355,180,-7.36505438497798,212.576190558366,2148,2224,-20.4937153115127,-4.05611685993379,148,16.4375984515789,387.440898400986,1180,1236,-13.2369029589758,-20.2603293384217,180,-7.02342637944588,209.312889283659,2148,2220,-20.84650894443,-4.69062459311534,148,16.1558843513147,393.915040861503
AE09,34,1,1,1272,1300,12.369840764711,15.7737423266924,272,3.4039015619814,170.932819282059,2220,2272,15.6094498115055,1.82859142476005,220,-13.7808583867454,401.929642688721,1272,1300,3.68779106993491,6.92593807330453,272,3.23814700336963,155.559745950403,2220,2272,6.6710585507803,-7.36222891514011,220,-14.0332874659204,385.311953155241,1272,1300,8.02881591732296,11.3498401999985,272,3.32102428267552,163.246282616231,2220,2272,11.1402541811429,-2.76681874519003,220,-13.9070729263329,393.620797921981,1192,1228,-13.183961950291,-10.4868620179742,192,2.69709993231681,101.896975177609,2132,2204,-10.7772783259841,-22.5688102754496,132,-11.7915319494656,264.071502839105,1188,1228,-12.4281318423546,-9.36949626184388,188,3.05863558051076,99.6346002896732,2136,2200,-10.120094149861,-22.3715999337744,136,-12.2515057839134,354.966474864837,1188,1228,-12.850507586508,-9.92817913990904,188,2.92232844659897,97.2366551859322,2132,2200,-10.3784975639348,-22.3785102591458,132,-12.0000126952109,306.334319761233
AE09,35,1,1,1236,1276,12.7849367562208,4.03579799945098,236,-8.74913875676982,350.253604158534,2232,2312,3.11618658447243,21.9686862805755,232,18.8524996961031,482.157574242529,1236,1280,3.83487098684711,-4.83601934683984,236,-8.67089033368695,364.824548254033,2228,2316,-5.7196784163158,13.1963388299331,228,18.9160172462489,448.050289386482,1236,1276,8.30990387153395,-0.335320978999763,236,-8.64522485053372,357.539076206283,2228,2312,-1.30542792080827,17.4329792520662,228,18.7384071728745,459.284696545384,1140,1192,-13.22071495963,-20.8651750296053,140,-7.64446006997531,215.070760579547,2132,2228,-21.491435684413,-4.35435369524452,132,17.1370819891685,364.814773927994,1140,1192,-12.356978051375,-20.1599558722905,140,-7.80297782091552,220.849015280023,2136,2224,-20.6789474061192,-3.58193604872754,136,17.0970113573916,368.725935758128,1140,1192,-12.7888465055025,-20.5125654509479,140,-7.72371894544541,216.983254818997,2132,2228,-21.1484827439166,-3.89281386133824,132,17.2556688825784,360.56890710187
AE09,36,1,1,1244,1284,12.0005396693364,6.18971401874981,244,-5.81082565058656,206.046486397324,2212,2260,6.05584845082095,21.8372875314419,212,15.781439080621,540.370168587108,1244,1288,2.9467887756281,-3.27816830032193,244,-6.22495707595003,217.726700693201,2212,2260,-2.86575401889589,12.9066289736905,212,15.7723829925864,523.009747641652,1244,1288,7.47366422248223,1.38884007524951,244,-6.08482414723272,211.886593545263,2212,2260,1.59504721596253,17.3719582525662,212,15.7769110366037,530.682209655265,1184,1224,-13.6964488300271,-18.0090970014665,184,-4.3126481714394,150.071809102885,2144,2204,-18.4208212959056,-4.25202775400001,144,14.1687935419056,376.239555219833,1184,1228,-12.9071247547104,-17.8808449558324,184,-4.973720201122,147.979622820534,2148,2208,-17.8509328735372,-3.72976352818945,148,14.1211693453477,426.306318847088,1184,1228,-13.3017867923688,-17.9960312376014,184,-4.69424444523262,148.040588803971,2148,2208,-18.0594654683372,-3.92851504923833,148,14.1309504190989,387.925233082125
AE09,37,1,1,1224,1264,12.2829008192065,21.5567303327888,224,9.27382951358231,343.064383611725,2216,2288,21.185241245367,3.1726405512954,216,-18.0126006940716,399.267982524026,1224,1264,3.31497510496601,12.3087538499465,224,8.99377874498051,337.979661887887,2216,2288,12.1794379802004,-5.62460117336185,216,-17.8040391535622,418.247364303779,1224,1264,7.79893796208626,16.9327420913677,224,9.13380412928141,340.522022749806,2216,2288,16.6823396127837,-1.22598031103323,216,-17.9083199238169,408.757673413902,1176,1224,-13.5110837441439,-5.19282540333881,176,8.31825834080509,259.584744886681,2172,2252,-5.18636234757839,-21.1523177751302,172,-15.9659554275519,317.746637762047,1176,1224,-12.6937655205817,-4.29654567428772,176,8.39721984629401,258.090596900402,2168,2248,-4.26288079096105,-20.9853286242633,168,-16.7224478333023,324.108924405214,1176,1224,-13.1024246323628,-4.74468553881326,176,8.35773909354955,258.837670893542,2168,2252,-4.656710318667,-21.1400439285354,168,-16.4833336098684,315.771378872283
AE09,38,1,1,1216,1260,12.3839336943872,3.61913699752111,216,-8.76479669686609,293.074510073821,2184,2252,3.02044650710451,21.8372875314419,184,18.8168410243374,495.226194321848,1220,1268,3.24872090482016,-5.40751442877893,220,-8.65623533359908,287.518387524467,2184,2252,-5.67580050707665,12.9791200125463,184,18.6549205196229,515.650260141852,1220,1268,7.76463559821805,-0.983708427375753,220,-8.7483440255938,290.296448799144,2184,2252,-1.32767699998607,17.4082037719941,184,18.7358807719802,505.43822723185,1136,1188,-13.7268649451666,-21.0463467591581,136,-7.31948181399154,236.544096999918,2100,2180,-21.2880817332343,-4.49963634161007,100,16.7884453916243,404.773831733105,1136,1188,-12.8488299026797,-20.4132009284913,136,-7.5643710258116,231.52621168243,2096,2180,-21.2186841460803,-3.42548754788278,96,17.7931965981975,388.747365382764,1136,1188,-13.2878474239231,-20.7297738438247,136,-7.44192641990157,234.035154341174,2100,2180,-21.1744261668588,-3.96256194474643,100,17.2118642221123,392.913719856895
AE09,39,1,1,1268,1296,12.4496805507534,15.9332164299978,268,3.48353587924438,148.841629554203,2220,2280,15.2296630724781,2.13350496605108,220,-13.0961581064271,334.72028172793,1268,1296,3.34441857812714,6.88954333486043,268,3.54512475673329,157.495153491596,2216,2272,6.47425529169308,-6.39646329601558,216,-12.8707185877087,334.418904404339,1268,1296,7.89704956444029,11.4113798824291,268,3.51433031798884,153.168391522899,2216,2276,10.9035048035179,-2.06467398718246,216,-12.9681787907004,332.027768940553,1216,1252,-12.9036938923721,-10.1654207831067,216,2.73827310926534,102.573232468604,2160,2240,-10.7266447525194,-22.3511594363729,160,-11.6245146838535,304.291082591264,1224,1252,-12.0100856214968,-9.35603808843082,224,2.65404753306599,122.244957342997,2164,2236,-9.75825719079408,-21.6558228943651,164,-11.8975657035711,245.124007413914,1220,1252,-12.4272618142832,-9.76072943576878,220,2.66653237851443,107.277731323871,2164,2236,-10.3085670693808,-21.9114969870494,164,-11.6029299176686,257.077142199931
AE09,40,1,1,1224,1276,12.1323827008977,3.51368376049201,224,-8.61869894040568,196.202045092972,2116,2244,2.79698824332857,20.3847514389355,116,17.5877631956069,198.720923764501,1224,1280,2.9148673831893,-5.79035642579407,224,-8.70522380898337,212.012525836918,2120,2244,-6.12157265939923,11.0954303007321,120,17.2170029601314,204.033176468167,1224,1276,7.5236250420435,-0.974973456455017,224,-8.49859849849851,200.164084381379,2116,2244,-1.66837689827451,15.7400908698338,116,17.4084677681083,201.377050116334,1172,1236,-13.4967778950256,-21.3798453047532,172,-7.88306740972758,222.910163192254,2060,2192,-21.3490464251831,-5.92050891482985,60,15.4285375103532,152.214181318239,1172,1232,-13.3006341375755,-20.4233728915993,172,-7.12273875402376,167.056231873751,2064,2204,-21.1022205921239,-5.02733516809079,64,16.0748854240331,165.490508379457,1172,1236,-13.3987060163006,-20.9734993677625,172,-7.5747933514619,194.983197533002,2060,2196,-21.2913877005315,-5.5477006217693,60,15.7436870787622,148.137118386312
AE09,41,1,1,1260,1292,12.8481378136635,18.3006243405497,260,5.45248652688623,220.874220126828,2236,2292,18.0739722568143,4.20479393377613,236,-13.8691783230381,344.751313764247,1260,1292,5.35870923111438,10.5610510170527,260,5.20234178593832,212.874715200973,2236,2292,10.5681885268715,-3.16527733775366,236,-13.7334658646252,361.252735232229,1260,1292,9.10342352238894,14.4308376788012,260,5.32741415641228,216.874467663901,2236,2292,14.3210803918429,0.519758298011237,236,-13.8013220938316,352.848702345061,1172,1220,-14.1010312960577,-8.76956306200224,172,5.33146823405549,168.273252445783,2152,2216,-8.45617909611545,-20.6933761001427,152,-12.2371970040272,254.916174962677,1172,1220,-15.6881018051448,-10.4715137562363,172,5.21658804890842,172.215302238463,2148,2216,-9.93297654649845,-22.828552798124,148,-12.8955762516255,259.695129595645,1172,1220,-14.8945665506012,-9.62053840911929,172,5.27402814148196,167.924919168428,2152,2216,-9.26126163377421,-21.7609644491333,152,-12.4997028153591,257.305652279161
AE09,42,1,1,1264,1308,13.2569979404839,6.86042351974101,264,-6.39657442074288,263.197032084953,2212,2256,6.77547043487427,21.7396417445269,212,14.9641713096526,513.036944652426,1264,1308,5.12433691867559,-0.691768159720335,264,-5.81610507839593,248.361546457103,2212,2256,-0.967445761837174,13.7365264291994,212,14.7039721910365,481.376537211094,1264,1308,9.19066742957974,3.08432768001034,264,-6.1063397495694,255.779289271028,2212,2256,2.90401233651855,17.7380840868631,212,14.8340717503446,495.302939092613,1200,1256,-14.0024624881785,-19.3843285789061,200,-5.38186609072767,143.789493353781,2148,2204,-18.5325133858063,-5.25217622127326,148,13.280337164533,394.066705571453,1204,1248,-15.5595933745797,-20.7191013233064,204,-5.15950794872668,178.178573540953,2148,2208,-21.060852172391,-6.81472204152977,148,14.2461301308612,390.65300669701,1200,1252,-14.7268148842871,-20.0407218335838,200,-5.31390694929666,160.984033447367,2148,2204,-19.7966827790986,-6.10581326471469,148,13.6908695143839,381.695009713711
AE09,43,1,1,1248,1280,13.9894704674562,19.7221617635671,248,5.73269129611089,247.420799769564,2236,2292,17.0670998134263,6.40375730618146,236,-10.6633425072448,265.028991073389,1248,1280,5.63679231141032,11.1973369526771,248,5.56054464126679,237.953908359385,2236,2292,9.07194507660134,-1.50881301263811,236,-10.5807580892395,258.786621986595,1248,1280,9.81313138943328,15.4597493581221,248,5.64661796868884,242.687354064475,2236,2292,13.0695224450138,2.44747214677167,236,-10.6220502982421,261.907806529993,1172,1216,-13.4122561603338,-8.25967676797612,172,5.15257939235763,160.081858620984,2164,2240,-10.0247439966253,-19.3213059703013,164,-9.29656197367604,278.379837983091,1176,1220,-14.9423204812651,-9.57384149557814,176,5.36847898568699,175.00603576522,2164,2228,-11.4557362499183,-21.0812771350085,164,-9.62554088509021,256.504154780447,1172,1216,-14.2288873586426,-8.99230977121461,172,5.23657758742799,167.320185709539,2164,2232,-10.7402401232718,-20.1089828634077,164,-9.36874274013593,259.410521241617
AE09,44,1,1,1260,1280,12.9042898517885,11.0171745927138,260,-1.88711525907472,109.763940484339,2236,2292,9.86716705517071,22.2813654821952,236,12.4141984270245,352.460303008864,1260,1280,4.5278839215804,2.73558340817856,260,-1.79230051340184,109.442961317303,2236,2292,1.85318529868462,13.9222273043701,236,12.0690420056855,348.714021824717,1260,1280,8.71608688668445,6.87637900044617,260,-1.83970788623828,107.517360675584,2236,2292,5.86017617692767,18.1017963932826,236,12.241620216355,350.58716241679,1180,1220,-13.6532346948117,-15.4483410760873,180,-1.79510638127561,57.7401727012118,2156,2232,-16.2311781941336,-4.70200510977385,156,11.5291730843598,277.811615439988,1192,1216,-15.793336102489,-17.2839886714316,192,-1.49065256894262,72.4918586364237,2160,2224,-18.0909792146234,-6.11918495703619,160,11.9717942575872,277.590768560846,1184,1216,-14.7139365095196,-16.3029874463043,184,-1.58905093678471,55.7237573175497,2160,2224,-17.0809455336066,-5.55744083771451,160,11.5235046958921,275.849657775215
AE09,45,1,1,1260,1304,13.0445594770785,2.57590175190801,260,-10.4686577251705,324.944984581865,2212,2276,3.49896744385822,20.326322232735,212,16.8273547888768,464.498700825928,1256,1304,4.67220332675232,-5.84152602972611,256,-10.5137293564784,332.986591600633,2212,2272,-5.01930139776589,11.611327571533,212,16.6306289692989,452.020437824471,1260,1304,8.74462500429833,-1.63281213890905,260,-10.3774371432074,325.107381348118,2212,2272,-0.760166976953836,15.9190010196594,212,16.6791679966132,458.259569325199,1188,1244,-13.8613234211188,-22.4549425057506,188,-8.59361908463181,229.671327358812,2140,2208,-22.0045974296167,-6.56969203384952,140,15.4349053957672,350.257961281567,1188,1240,-15.7004513351258,-24.4041103468617,188,-8.70365901173588,233.025571305462,2136,2208,-23.9199320511075,-8.39750915292702,136,15.5224228981805,392.857293710898,1188,1240,-14.7808873781223,-23.353891800919,188,-8.57300442279673,222.46802283049,2140,2208,-22.8727993758558,-7.48360059338827,140,15.3891987824676,370.499937790961
AE09,46,1,1,1272,1308,13.4318062893279,7.50505124372293,272,-5.92675504560498,224.726409086068,2228,2296,7.22173756327473,21.9326817082745,228,14.7109441449997,407.714602338934,1272,1312,4.76267852756623,-1.74004796205631,272,-6.50272648962254,231.291929429298,2228,2292,-1.62443710372646,13.0515687977695,228,14.676005901496,411.878293486882,1272,1312,9.09724240844707,2.82682912302009,272,-6.27041328542697,228.009169257683,2228,2292,2.79865022977413,17.3413978744951,228,14.542747644721,409.796447912908,1200,1244,-12.8143782822404,-17.9174436377012,200,-5.10306535546076,187.463990346685,2148,2224,-18.3377837950864,-5.03300466771262,148,13.3047791273738,301.779666633213,1196,1240,-15.1631946372803,-20.6591149624793,196,-5.49592032519899,185.602022135978,2148,2220,-20.6184013563651,-6.91356746734797,148,13.7048338890171,313.373526154355,1200,1240,-14.0628537555303,-19.2061715195798,200,-5.1433177640495,186.533006241331,2148,2224,-19.4780925757257,-5.88745525593874,148,13.590637319787,297.294852594453
AE09,47,1,1,1256,1284,13.2220059836561,17.2132261737951,256,3.991220190139,172.320059041382,2216,2284,15.9423216109098,5.71236589746928,216,-10.2299557134405,256.078660141256,1256,1284,4.49852371502912,8.29005896368911,256,3.79153524865999,154.695434564774,2216,2284,7.26292518483881,-3.09654899672629,216,-10.3594741815651,269.323784948557,1256,1284,8.86026484934263,12.7516425687421,256,3.89137771939949,163.507746803078,2216,2284,11.6026233978743,1.3079084503715,216,-10.2947149475028,262.701222544907,1176,1228,-13.1400395579154,-9.42567938672616,176,3.71436017118921,124.977150797489,2156,2244,-10.4206685724013,-19.950823684471,156,-9.53015511206971,178.449952898226,1192,1228,-15.0102371609779,-11.5588715501979,192,3.45136561077999,123.644693719267,2156,2228,-13.0307225315096,-22.0584938673282,156,-9.02777133581857,229.807381179993,1184,1228,-14.000920047168,-10.4922754684621,184,3.508644578706,111.678793625194,2156,2232,-11.7256955519554,-20.8292413953443,156,-9.1035458433889,194.660503831755
AE09,48,1,1,1276,1304,13.7667229608552,19.5671206648342,276,5.80039770397902,266.413155531943,2244,2308,18.402646737617,6.8531430088947,244,-11.5495037287223,245.268820435812,1276,1308,5.36847089688397,11.0314060080841,276,5.66293511120017,271.856156608865,2244,2304,9.27109356174082,-2.18759039917092,244,-11.4586839609117,265.152447878285,1276,1304,9.56759692886959,15.2648643800195,276,5.69726745114988,269.134656070404,2244,2304,13.8368701496789,2.43102380618799,244,-11.4058463434909,253.941674854706,1188,1232,-13.191201404235,-7.80812991398888,188,5.38307149024609,169.61641743691,2160,2224,-9.01764554519027,-19.4081734969671,160,-10.3905279517768,279.962489489217,1192,1232,-15.1394790177276,-9.86779661422852,192,5.27168240349908,210.249659016867,2156,2228,-10.96799615496,-21.3455768061964,156,-10.3775806512364,214.172178428658,1188,1232,-14.2314548802062,-8.8379632641087,188,5.39349161609747,189.933038226889,2156,2228,-9.92611842834204,-20.451833380656,156,-10.5257149523139,225.841677269238
AE09,49,1,1,1288,1316,14.3689982458159,11.6987013213177,288,-2.67029692449819,125.747182234126,2228,2276,11.7718639133841,24.2385394754546,228,12.4666755620706,396.521420734221,1288,1320,5.39531386441878,2.61029819273093,288,-2.78501567168785,104.762936820126,2228,2276,2.71838892123664,15.2021549785236,228,12.483766057287,415.569481884307,1288,1320,9.88215605511732,7.05764329332199,288,-2.82451276179534,115.255059527126,2228,2276,7.24512641731034,19.7203472269891,228,12.4752208096788,406.045451309264,1224,1252,-13.0893594069237,-15.6279943617829,224,-2.53863495485921,112.087098165463,2152,2220,-14.9846443765185,-3.3748239572826,152,11.6098204192359,314.165249209879,1228,1260,-15.7933193679705,-17.8933401789922,228,-2.10002081102166,87.4915460731088,2160,2224,-17.3771597705683,-5.38307939379316,160,11.9940803767752,322.347391753631,1224,1256,-14.3801674889221,-16.7451794353631,224,-2.365011946441,99.7893221192862,2160,2220,-16.035302697742,-4.47405250282342,160,11.5612501949186,311.114914241626
AE09,50,1,1,1272,1288,13.8549449932949,12.5646573436562,272,-1.29028764963873,85.2709243984685,2176,2228,11.4695241020808,22.7393953868236,176,11.2698712847428,311.205812965133,1272,1288,4.97287953491735,3.44500367600006,272,-1.52787585891729,100.197094893637,2176,2228,2.54641760855601,13.4457800040201,176,10.8993623954641,308.950198742256,1272,1288,9.41391226410613,8.00483050982812,272,-1.40908175427801,92.7340096460526,2176,2228,7.00797085531839,18.0925876954218,176,11.0846168401034,309.44665607357,1188,1220,-12.864411455453,-14.24168030586,188,-1.377268850407,45.4095417433521,2100,2156,-15.0216624103788,-5.14811750793646,100,9.8735449024423,246.887968522398,1196,1220,-14.9530694325966,-16.3531686070115,196,-1.40009917441491,65.1308583806491,2100,2160,-17.2326762657671,-6.48083477873799,100,10.7518414870291,261.282599636437,1192,1220,-13.968855969557,-15.2974244564358,192,-1.32856848687878,54.2551040848881,2100,2160,-16.1271693380729,-5.72860499679652,100,10.3985643412764,245.849277419936
AE09,51,1,1,1264,1304,14.0867874049849,22.9923090139576,264,8.9055216089727,349.065032162294,2208,2280,23.1090407173006,7.80249611190325,208,-15.3065446053973,337.292443217966,1264,1304,5.21224711198031,13.9848342678871,264,8.77258715590684,330.101861063509,2208,2276,14.1261540554813,-1.33412382405712,208,-15.4602778795385,343.419878791484,1264,1304,9.64951725848262,18.4885716409224,264,8.83905438243977,339.583446612902,2208,2276,18.6175973863909,3.35494331936488,208,-15.2626540670261,340.356161004725,1192,1244,-12.5821055402133,-4.51103664679504,192,8.07106889341824,276.205734835952,2144,2220,-4.14396721455776,-18.2543109102331,144,-14.1103436956754,339.21584115989,1192,1244,-14.6589951586773,-6.17766088408613,192,8.48133427459121,320.027904966935,2140,2224,-5.78679036962686,-21.0016498158065,140,-15.2148594461797,321.218265705846,1192,1244,-13.6205503494453,-5.34434876544058,192,8.27620158400473,298.116819901444,2140,2220,-4.96537879209231,-19.5757931526292,140,-14.6104143605369,328.93967862281
AE09,52,1,1,1224,1252,13.9964244163281,11.308641247208,224,-2.68778316912017,111.270059583052,2228,2276,11.5569865216462,22.4182513784888,228,10.8612648568426,350.591578727168,1224,1252,4.89468057855776,2.24167193205357,224,-2.65300864650419,112.517382594784,2228,2272,2.50956053334429,13.2360039730064,228,10.7264434396621,344.927619296979,1224,1252,9.44555249744294,6.77515658963077,224,-2.67039590781218,111.133889078193,2228,2276,7.03327352749526,17.8294604952744,228,10.7961869677792,347.759599012074,1160,1200,-12.7914213450168,-15.0774465766715,160,-2.2860252316547,89.1347298868499,2168,2220,-15.2813488957837,-5.71721460839523,168,9.56413428738846,306.647138765975,1168,1196,-15.4102510380508,-17.6643834518237,168,-2.25413241377286,124.87316641305,2164,2224,-17.4015063592192,-6.76937909669877,164,10.6321272625204,297.14373501357,1164,1196,-14.2936627534781,-16.3002238154416,164,-2.00656106196358,101.127591389134,2164,2220,-16.3414276275014,-6.35049215977635,164,9.99093546772508,301.895436889772
AE09,53,1,1,1276,1304,14.0219186280442,12.0970803308104,276,-1.9248382972338,70.4167124871979,2240,2300,10.9578622293248,23.098626475083,240,12.1407642457583,301.276892111734,1276,1312,4.95333152553285,2.8706655461932,276,-2.08266597933964,78.327683646467,2240,2300,1.8335102537609,13.9848342678871,240,12.1513240141262,302.184899284915,1276,1308,9.48762507678851,7.48271296262006,276,-2.00491211416845,73.6980307472344,2240,2300,6.39568624154283,18.5417303714851,240,12.1460441299423,301.730895698324,1220,1248,-13.6496714138157,-15.1211659881917,220,-1.47149457437601,59.2368249823447,2168,2248,-15.9775473007669,-4.72644391763182,168,11.2511033831351,326.500206067501,1216,1244,-14.9197833387672,-16.8019308309253,216,-1.88214749215806,94.9021141939808,2172,2240,-18.2162557440038,-6.33797166507009,172,11.8782840789337,345.187518286483,1216,1248,-14.2444384208795,-15.9880454857202,216,-1.74360706484073,75.3315530052711,2168,2244,-17.0969015223854,-5.57316644212923,168,11.5237350802561,335.843862176992
AE09,54,1,1,1236,1268,13.7039983842475,10.175138345913,236,-3.52886003833444,157.648240370488,2060,2180,7.85082158709761,18.8734741555146,60,11.022652568417,180.882640234089,1236,1268,4.49363011668206,0.745922047135619,236,-3.74770806954644,154.305998377292,2064,2172,-1.48421052433876,9.05033728417232,64,10.5345478085111,189.230312814738,1236,1268,9.09881425046476,5.46053019652432,236,-3.63828405394044,155.97711937389,2064,2172,3.25455274760867,13.7896177662595,64,10.5350650186509,183.101874380204,1148,1196,-12.9643215633247,-16.7843442216106,148,-3.82002265828591,125.669443633726,NaN,NaN,NaN,NaN,NaN,NaN,NaN,1152,1192,-15.495125724688,-18.6796338627256,152,-3.18450813803764,140.783002350116,NaN,NaN,NaN,NaN,NaN,NaN,NaN,1152,1196,-14.2297236440063,-17.8606724591582,152,-3.63094881515182,128.243850100565,NaN,NaN,NaN,NaN,NaN,NaN,NaN
AE09,55,1,1,1260,1292,14.5121453108099,20.925799672269,260,6.41365436145914,248.689308887224,2220,2260,15.6665258091791,7.42275818829033,220,-8.2437676208888,317.286685305587,1260,1296,4.98998309126594,11.2541839389202,260,6.26420084765429,247.249627344085,2220,2260,6.07288960360314,-2.05482848004201,220,-8.12771808364516,333.553050647235,1260,1292,9.75106420103791,16.0509066202616,260,6.2998424192237,247.533301316768,2220,2260,10.8697077063911,2.68396485412416,220,-8.18574285226698,325.419867976411,1148,1224,-12.7748591470427,-6.82591062280092,148,5.94894852424181,182.853996478055,2128,2180,-11.4626178894373,-18.7371794207794,128,-7.27456153134212,216.051306109287,1168,1216,-14.4874249002418,-8.29527674042539,168,6.19214815981636,183.569526644213,2128,2180,-13.6354103830293,-21.4675541565526,128,-7.8321437735234,223.682854671792,1168,1216,-13.1292846961274,-7.71405396723967,168,5.41523072888773,179.326577013185,2128,2180,-12.5490141362333,-20.102366788666,128,-7.55335265243276,219.867080390539
AE09,56,1,1,1208,1244,14.9404714167362,18.5089761575948,208,3.56850474085861,122.074778417761,2236,2356,16.8350769411409,5.52705376472627,236,-11.3080231764147,139.68969470626,1208,1248,5.73674023286428,9.11515284984076,208,3.37841261697647,117.439832642378,2240,2348,7.55828312264126,-4.13622454266675,240,-11.694507665308,153.109090688457,1208,1248,10.3386058248002,13.8518947522632,208,3.51328892746299,119.603278896689,2236,2348,12.269235485294,0.836813081460372,236,-11.4324224038336,146.399392697359,1132,1172,-11.3680986770586,-8.79674828668096,132,2.57135039037763,114.388308731482,2156,2252,-10.0152650982368,-19.9342548392888,156,-9.918989741052,156.661864614122,1120,1160,-13.5914375399641,-10.5985334107669,120,2.99290412919724,95.9070453181049,2136,2268,-11.6409973170546,-22.8287231865505,136,-11.1877258694959,153.833873549702,1128,1164,-12.3565358762717,-9.77750362644996,128,2.57903224982176,104.135739063549,2156,2256,-11.2015447858058,-21.2620798431144,156,-10.0605350573086,140.633874568844
AE09,57,1,1,1228,1264,14.6827560893993,8.89660732930965,228,-5.78614876008965,222.541576612442,2220,2272,8.94225949115788,24.1135503887487,220,15.1712908975909,497.903485406562,1228,1268,5.50266186739663,-0.772998497102941,228,-6.27566036449957,230.373162864563,2216,2272,0.179720156473621,15.2204945061437,216,15.0407743496701,489.581993513174,1228,1264,10.092708978398,4.26366161948327,228,-5.8290473589147,224.508210832517,2216,2272,4.53455910353435,19.6670224474462,216,15.1324633439119,493.742739459868,1152,1208,-13.0027096837636,-18.2488486162724,152,-5.24613893250876,131.801767110396,2144,2208,-17.9351597481364,-4.47453383746335,144,13.460625910673,368.366265702752,1152,1204,-14.8907712946003,-20.4157160487683,152,-5.52494475416796,150.482853520086,2140,2212,-20.1834825832035,-5.757356143462,140,14.4261264397415,323.569389466862,1152,1204,-13.946740489182,-19.2469553088963,152,-5.30021481971433,141.142310315241,2144,2208,-18.9893304394219,-5.18879538012964,144,13.8005350592923,345.836067573691
AE09,58,1,1,1228,1284,14.8369987869826,5.64410674853588,228,-9.1928920384467,251.97784880833,2184,2252,5.33430370283165,25.2114593150485,184,19.8771556122169,537.905698520743,1228,1276,5.55144365257526,-3.36404657880692,228,-8.91549023138218,243.116308435282,2184,2256,-3.74172612703256,15.8580671933366,184,19.5997933203692,550.324111923052,1228,1284,10.1942212197789,1.02106745148729,228,-9.17315376829163,244.544503854945,2184,2252,0.796288787899544,20.4720766719407,184,19.6757878840411,539.314948310211,1140,1200,-13.8480199279945,-21.7800822777423,140,-7.93206234974783,192.046397427153,2100,2168,-21.2772863896409,-3.53052110012928,100,17.7467652895117,410.59838693324,1148,1204,-15.6141104597164,-23.4811464038905,148,-7.86703594417404,238.261981599756,2096,2180,-23.5169247795046,-4.33165402212371,96,19.1852707573809,446.080552317384,1144,1200,-14.7915456162119,-22.5472955713868,144,-7.75574995517491,212.704776003737,2100,2176,-22.3096660302699,-3.97460772631271,100,18.3350583039571,422.615202276894
AE09,59,1,1,1272,1316,15.6071661098416,4.4324546169481,272,-11.1747114928935,390.175811871384,2200,2256,6.26270311191552,23.194376547912,200,16.9316734359964,520.346009269757,1272,1320,6.22134511607724,-5.02907358178545,272,-11.2504186978627,380.915077514245,2200,2256,-3.24381283810334,13.7132930313852,200,16.9571058694886,515.7223495523,1272,1316,10.9142556129594,-0.275099243866323,272,-11.1893548568257,385.545444692814,2200,2256,1.50944513690609,18.4538347896486,200,16.9443896527425,518.034179411029,1212,1260,-13.9959248065641,-23.1026367313654,212,-9.10671192480126,274.991119595244,2132,2196,-20.6030721239442,-5.90337654779381,132,14.6996955761504,361.831310753741,1204,1260,-14.9215358292139,-24.742728714795,204,-9.82119288558101,284.631510703136,2132,2200,-23.1404797262036,-7.05450806727652,132,16.0859716589271,441.604504902559,1208,1260,-14.4944170266286,-23.9226827230802,208,-9.42826569645161,270.215343064528,2132,2196,-21.8717759250739,-6.55659175797265,132,15.3151841671013,401.71790782815
AE09,60,1,1,1288,1320,16.1605971810328,21.4736295780282,288,5.31303239699541,279.602929587082,2248,2312,21.054561443438,8.46837273860853,248,-12.5861887048295,283.68487626348,1288,1320,6.32837585845575,11.5073523626518,288,5.1789765041961,263.95965332499,2248,2316,11.3346787370545,-1.07819718674531,248,-12.4128759237998,302.150725015194,1288,1320,11.2444865197442,16.49049097034,288,5.24600445059576,271.781291456035,2248,2316,16.1946200902463,3.64690501154306,248,-12.5477150787032,292.917800639337,1212,1252,-13.3715829455389,-8.55674316710111,212,4.81483977843775,193.178551213657,2172,2248,-8.07887269129991,-19.8260342052326,172,-11.7471615139327,226.965925820696,1216,1252,-15.117314308842,-9.87731315709267,216,5.24000115174932,191.353424107493,2176,2252,-9.49446798466656,-21.4420523158724,176,-11.9475843312058,241.787585707747,1212,1252,-14.314216083764,-9.21702816209689,212,5.09718792166711,192.265987660575,2176,2252,-8.86722574244486,-20.6907684723845,176,-11.8235427299396,234.376755764222
