,subject,amp,vel,tracker
0,AE01,-1.9970159339918343,126.99548984147928,EL
1,AE01,-7.675776102649198,257.8834832950759,EL
2,AE01,3.720272902749477,177.10574582222657,EL
3,AE01,7.067659089951802,211.14406164686056,EL
4,AE01,6.074614209257421,203.24885291567125,EL
5,AE01,8.658618515130406,198.76563353182024,EL
6,AE01,6.571314116145393,246.98265772934693,EL
7,AE01,8.273890685895335,250.2350520349408,EL
8,AE01,4.18806016338377,152.46631628323425,EL
9,AE01,3.891224915297088,190.6345699215644,EL
10,AE01,7.755106786219162,273.9981093180332,EL
11,AE01,8.624689319625038,259.4309967155883,EL
12,AE01,-5.877022150100409,173.49664793320082,EL
13,AE01,-4.413253098995321,171.94304060675952,EL
14,AE01,7.082581522453186,188.71659613062627,EL
15,AE01,-1.434408634853433,80.50867112416006,EL
16,AE01,-6.685859173742378,278.3014795349188,EL
17,AE01,-3.0994091468888825,181.4067891180117,EL
18,AE01,5.4603579708317405,245.01769228757837,EL
19,AE01,-2.8669027764004094,152.88141618273733,EL
20,AE01,-6.055998361109416,289.94719787564907,EL
21,AE01,6.30814394621458,249.32389234548265,EL
22,AE01,-9.89433271496688,329.71941140215625,EL
23,AE01,-8.152452708842553,337.5436259080338,EL
24,AE01,-7.230814633237452,301.1405381244225,EL
25,AE01,3.206237966678532,134.99400054149876,EL
26,AE01,4.753127708313964,174.843190511261,EL
27,AE01,9.16506487886683,255.169212176412,EL
28,AE01,-3.0424653718516383,169.2363905638482,EL
29,AE01,-5.978280328715323,261.3877689905712,EL
30,AE01,-7.214201871598161,284.78120728799803,EL
31,AE01,4.640348637980638,224.592685344162,EL
32,AE01,-11.349862339034589,140.37809450641603,EL
33,AE01,-6.321496800596949,274.5416908893667,EL
34,AE01,7.36413552125349,237.23346530004736,EL
35,AE01,-6.605006604297987,204.15534891079832,EL
36,AE01,3.677518160683405,177.5391456290496,EL
37,AE01,-8.907390168109362,306.95357442124464,EL
38,AE01,6.946698074565775,306.28863695376646,EL
39,AE01,-6.367253867170199,167.55236368966922,EL
40,AE01,6.863464252889057,210.3756436585761,EL
41,AE01,-3.4350637026222044,185.8690852655176,EL
42,AE01,-8.962348895163299,350.6747605409388,EL
43,AE01,-6.083138902639773,246.17242904151104,EL
44,AE01,7.675448103214556,179.1911940687269,EL
45,AE01,-3.3443820149998063,194.0109681318384,EL
46,AE01,7.186625266327169,172.32671933536824,EL
47,AE01,-5.117773430335069,88.57024317261416,EL
48,AE01,-2.357411840270858,67.44340424479418,EL
49,AE01,7.254399923801786,282.1631280131122,EL
50,AE01,4.611672874124543,224.6179636315952,EL
51,AE01,-5.455712271811237,243.8759455044908,EL
52,AE01,-8.280774002561387,362.6853282824768,EL
53,AE01,-8.993975810916918,387.10014614907897,EL
54,AE01,5.21475497899924,195.9813762360392,EL
55,AE02,2.45233753530408,130.02869388902846,EL
56,AE02,-2.235431361200278,123.24227375945196,EL
57,AE02,-21.524976799600356,1120.0909113613538,EL
58,AE02,8.333421936666536,311.6330557530023,EL
59,AE02,5.4896489778677084,228.74688208257183,EL
60,AE02,9.415270429494786,335.4966538524733,EL
61,AE02,9.29802314754481,337.88616117027567,EL
62,AE02,8.73569190460344,249.63780334517145,EL
63,AE02,3.3735925600510157,161.31160188821426,EL
64,AE02,9.48258498377418,336.88690123890314,EL
65,AE02,10.02624201881692,388.0500097980173,EL
66,AE02,-5.228602242092935,206.78112608497403,EL
67,AE02,-4.93947895311233,204.35349630216277,EL
68,AE02,6.426334450403862,264.28932659338324,EL
69,AE02,-1.998143976917325,123.9488067936311,EL
70,AE02,-4.61322731173499,210.35636017588604,EL
71,AE02,-2.0838113765777404,120.98302769191248,EL
72,AE02,5.202110885297809,209.42084595798727,EL
73,AE02,-5.435404497052753,206.41090329940644,EL
74,AE02,-7.846039939695322,301.9369400076262,EL
75,AE02,-7.849668280372311,300.5870518802471,EL
76,AE02,3.2568746648817,185.63794833925212,EL
77,AE02,6.28538541418686,251.0546062650532,EL
78,AE02,-4.543124281050619,190.08439662673544,EL
79,AE02,-7.282592474241476,261.86959257890203,EL
80,AE02,3.1823125956171,197.46091559131355,EL
81,AE02,-6.504867338536568,261.6791344464883,EL
82,AE02,-4.7046190210577175,207.9911654444555,EL
83,AE02,8.557912528393215,249.75215625888825,EL
84,AE02,2.976158346329711,152.46344622629078,EL
85,AE02,5.723079851626082,238.65329419242323,EL
86,AE02,0.8491115333231045,71.7918053777142,EL
87,AE02,-5.014461826101331,210.12954278262436,EL
88,AE02,6.690878848082984,309.158117423555,EL
89,AE02,-2.326216818252452,129.75932128873606,EL
90,AE02,3.218493404485677,181.8605074811561,EL
91,AE02,5.823502198840223,276.8517151616417,EL
92,AE02,-2.4434700043255555,132.98825210466413,EL
93,AE02,8.285230092477676,336.2694352636796,EL
94,AE02,-3.582134021874892,204.22111773467813,EL
95,AE02,-2.547872905685377,154.23028696404197,EL
96,AE02,5.52437291406011,268.8112081021061,EL
97,AE02,3.007286261307877,164.18643215347743,EL
98,AE02,-5.950043354417286,295.8480925133596,EL
99,AE02,-7.004225590530757,248.36677027657137,EL
100,AE02,-8.770168218241004,300.5886645859271,EL
101,AE02,6.063558801523119,301.4092789707482,EL
102,AE03,3.470532910506863,165.12897480705723,EL
103,AE03,-4.52200357932086,207.8365311647488,EL
104,AE03,-12.176792012639169,444.20851905840914,EL
105,AE03,11.538053631815078,429.4259286070119,EL
106,AE03,8.793810183937389,290.0791376832914,EL
107,AE03,9.383189947159828,333.55082799691394,EL
108,AE03,10.507106365199954,289.5049049674414,EL
109,AE03,11.128380327231191,289.00678574409824,EL
110,AE03,2.9818004966302376,117.07841350963744,EL
111,AE03,10.50949336706837,351.9371238999776,EL
112,AE03,10.264058837226262,322.90244703566486,EL
113,AE03,6.455155374560647,204.20154636649863,EL
114,AE03,-2.923112060924078,163.090877036554,EL
115,AE03,23.417627201797156,445.03337567062647,EL
116,AE03,-3.404758293737835,169.47221897828297,EL
117,AE03,7.330073370583798,287.67827363266565,EL
118,AE03,-3.076960094949478,146.6457940868635,EL
119,AE03,-6.011953402425069,191.55387952409,EL
120,AE03,9.836562013684384,333.2253540407877,EL
121,AE03,-9.28918245238913,310.10853675485146,EL
122,AE03,4.873418939973426,103.37906949422197,EL
123,AE03,6.786052304810744,142.74350833936776,EL
124,AE03,6.617848236578197,249.62279475214456,EL
125,AE03,6.540924678257016,166.03843074665204,EL
126,AE03,9.94866673441371,340.19354118417823,EL
127,AE03,-3.3973263355004253,165.8892093117513,EL
128,AE03,7.30516979760905,198.52818286476636,EL
129,AE03,-10.284681333437964,298.62201515252235,EL
130,AE03,-11.05266754754206,427.6505278897208,EL
131,AE03,-6.897220163728054,286.40822999974006,EL
132,AE03,10.047810578163626,356.1118867810669,EL
133,AE03,-10.119140146661891,388.4821609185162,EL
134,AE03,3.721798293871052,165.2474429401943,EL
135,AE03,-11.81761612466483,341.0971068178716,EL
136,AE03,6.883127839245221,273.57172751206195,EL
137,AE03,-6.819632016420725,269.3804374229096,EL
138,AE03,7.515747690594264,323.7445772235619,EL
139,AE03,-4.337064431051472,217.46533402896785,EL
140,AE03,-10.32228760365278,322.754324918832,EL
141,AE03,-6.409080897876846,255.11732929371263,EL
142,AE03,6.123298923667546,226.32504594716508,EL
143,AE03,-2.7771752754237173,149.44719295241808,EL
144,AE03,10.30201137914575,321.26284009052165,EL
145,AE03,-3.653245152146818,154.3992680470054,EL
146,AE03,-3.468754687234468,169.4937877212031,EL
147,AE03,-6.875015700564748,273.7187065284828,EL
148,AE03,6.118576900523782,165.69567393892464,EL
149,AE03,-5.412833287339606,223.1866738692145,EL
150,AE03,-8.4979834714099,218.25886919850012,EL
151,AE03,7.32954565225494,296.96642077286594,EL
152,AE04,2.718584982099676,141.11679044420305,EL
153,AE04,-3.828552348326039,207.99957137023043,EL
154,AE04,-10.075480344551774,378.8897570794279,EL
155,AE04,3.3241585636191706,172.95902448717874,EL
156,AE04,9.631140335779186,320.75932108029576,EL
157,AE04,6.421740017271311,248.98782984736755,EL
158,AE04,8.440165753349135,329.0307879215551,EL
159,AE04,6.324109241160267,222.7179696015583,EL
160,AE04,7.894172998542183,229.05069077866105,EL
161,AE04,8.645683018644856,265.0645110605456,EL
162,AE04,8.019228262919258,319.1976865942314,EL
163,AE04,8.63821559305495,307.7011523653503,EL
164,AE04,-5.7503513373267126,274.91788352359714,EL
165,AE04,-3.9815398729998135,181.37632706614,EL
166,AE04,5.319157696399418,284.0279901328905,EL
167,AE04,-3.415071476445834,194.6147611638348,EL
168,AE04,-6.714852730841601,298.0618773076989,EL
169,AE04,2.8359423094120157,166.67006887131794,EL
170,AE04,-3.306356310514709,186.33605988861817,EL
171,AE04,5.67388126341686,231.3982206293735,EL
172,AE04,-3.2203262646798363,189.0179649684302,EL
173,AE04,-6.173288821395733,251.10135263595416,EL
174,AE04,8.912379085114097,266.1050480006477,EL
175,AE04,-9.70827021876416,316.43154709920066,EL
176,AE04,-8.636702597857786,233.57609452349288,EL
177,AE04,-9.824608835843044,301.7823026520822,EL
178,AE04,2.5979677779971686,139.22582915066246,EL
179,AE04,6.301156447067938,185.68233236519677,EL
180,AE04,8.470060957406037,268.7843832183144,EL
181,AE04,-2.986968542013172,193.5702663798715,EL
182,AE04,-6.129966439672502,250.3708778021035,EL
183,AE04,-9.51958929778771,351.86700479019714,EL
184,AE04,2.0752862110719423,129.2767071074666,EL
185,AE04,-8.111494432216732,284.5057962483847,EL
186,AE04,-7.28196917304178,315.567010727797,EL
187,AE04,8.031720973085271,255.66179754314052,EL
188,AE04,-9.240755636194796,324.9537589399121,EL
189,AE04,2.9045424377463416,166.71053115697524,EL
190,AE04,-9.57862308114811,321.4589384081356,EL
191,AE04,5.358912748282082,287.9202033578739,EL
192,AE04,-5.590742232835336,256.7481909031127,EL
193,AE04,5.771693432837745,263.5495990379776,EL
194,AE04,-7.994135396370224,331.58166426660404,EL
195,AE04,-6.1763369689006895,243.1832579056172,EL
196,AE04,2.5335080749740246,112.61466708769456,EL
197,AE04,5.270431031159701,148.79248825788395,EL
198,AE04,-3.58803461231604,172.7033080864446,EL
199,AE04,-3.443427840302646,198.19534796093157,EL
200,AE04,8.758125480126148,275.5223784606245,EL
201,AE04,-2.7263222535231826,166.44150078703063,EL
202,AE04,-3.2757683048584583,184.1748111849749,EL
203,AE04,-6.785562941230539,232.3432905093072,EL
204,AE04,4.374608456687744,219.25821186815816,EL
205,AE04,-5.33981131873937,186.7912836679166,EL
206,AE04,-10.728764942291292,358.7189384289762,EL
207,AE04,-9.403233209954935,289.82141269700594,EL
208,AE04,5.460559460923697,252.9805241335941,EL
209,AE05,2.7469748751570378,148.99246913146388,EL
210,AE05,-1.7985992970978462,110.76800726254058,EL
211,AE05,-8.12125658454601,280.13334233712885,EL
212,AE05,2.949445543528457,125.94626503763912,EL
213,AE05,7.21422616761604,278.5087905853022,EL
214,AE05,3.5290462974837578,130.1607769574972,EL
215,AE05,9.802384055270116,294.0781103779491,EL
216,AE05,2.4279916747907944,131.8050355070413,EL
217,AE05,6.944279101661712,199.1096927359268,EL
218,AE05,5.076836384957833,169.3575155790766,EL
219,AE05,-4.111386294960518,140.0260329916852,EL
220,AE05,-3.222205332802842,139.90623851199092,EL
221,AE05,5.909731997351495,205.24253328238743,EL
222,AE05,-2.7762827513148407,125.94419590343678,EL
223,AE05,2.223387974037565,100.97393242936803,EL
224,AE05,-2.9478710203746314,159.56078250534307,EL
225,AE05,4.939361051936343,165.4504566782801,EL
226,AE05,6.962443382341684,194.70825171828395,EL
227,AE05,-7.515604754353588,247.41474698505507,EL
228,AE05,1.621895820730728,80.23841800049134,EL
229,AE05,1.27962945335231,60.89677077175088,EL
230,AE05,4.039946272237622,111.7461618715379,EL
231,AE05,3.079514796911012,98.50965495168366,EL
232,AE05,-4.787892794818426,303.9647501675319,EL
233,AE05,-4.01178255947926,149.28286497331052,EL
234,AE05,2.320511831770585,133.44942451824926,EL
235,AE05,-9.70314361213677,177.48258719975465,EL
236,AE05,-2.6891143573849368,111.3707252187378,EL
237,AE05,8.613601726959573,215.24835961406995,EL
238,AE05,-11.211172755252196,310.1393208970375,EL
239,AE05,3.4810405653530188,164.99756121980252,EL
240,AE05,-4.172027176390865,168.719058372185,EL
241,AE05,4.475174809978544,126.97020322133172,EL
242,AE05,4.293616703338873,136.6665571853082,EL
243,AE05,-2.382090081422093,124.3216540976604,EL
244,AE05,-6.286620907211983,144.44877813712353,EL
245,AE05,1.5883548535346783,70.15606507920832,EL
246,AE05,6.051841647271983,159.37407001874632,EL
247,AE05,-4.984519837131783,330.0623085147891,EL
248,AE05,7.780415996685069,223.2287497283129,EL
249,AE05,4.868203714482043,203.5278954567042,EL
250,AE05,2.6272304841328857,84.00468292817158,EL
251,AE05,-6.037127702168622,211.1619155301968,EL
252,AE05,-8.804357996345345,357.79994821289097,EL
253,AE05,4.706099079712256,76.79278885059836,EL
254,AE06,2.8734708258999437,134.33869663022077,EL
255,AE06,-3.278084376035361,153.05501355296988,EL
256,AE06,-8.90518637131275,350.8242052722515,EL
257,AE06,2.5376286516416418,134.61221229323849,EL
258,AE06,7.718773608818672,288.1198771151709,EL
259,AE06,5.417922521549734,223.6977701924984,EL
260,AE06,8.137494546096537,300.8090225913561,EL
261,AE06,5.844241197969186,235.1295687299979,EL
262,AE06,8.215611934296227,291.8509473827494,EL
263,AE06,7.809358209013858,295.4064787243965,EL
264,AE06,2.293089779563978,113.92980602735118,EL
265,AE06,7.287238609328709,252.32745601837243,EL
266,AE06,7.182307390953653,254.03810970367056,EL
267,AE06,-6.847530651634614,257.17810774513066,EL
268,AE06,-5.595023283511793,238.18130383138225,EL
269,AE06,5.38502213413263,226.58072439618263,EL
270,AE06,-2.233499478229444,114.45095075719468,EL
271,AE06,-7.408081732119984,311.99459070405504,EL
272,AE06,2.2736529887876387,120.7917532948374,EL
273,AE06,-2.537618373277692,139.9154676804959,EL
274,AE06,4.944925011249609,195.24773767695348,EL
275,AE06,-1.8992147920352984,58.40213108556365,EL
276,AE06,-5.507056501239482,254.0325989240298,EL
277,AE06,7.166441737527379,266.5377960996144,EL
278,AE06,-8.945244233722494,265.1339324191,EL
279,AE06,-10.017839384178137,401.5355433924548,EL
280,AE06,-11.654258663480054,436.98831681022295,EL
281,AE06,2.5185560448251785,131.72931083463772,EL
282,AE06,5.169374526498785,170.92078860656676,EL
283,AE06,7.209025047332357,285.58229404024496,EL
284,AE06,-2.1349477355415054,101.77772194423753,EL
285,AE06,-5.773147681006183,221.67683752121667,EL
286,AE06,-8.689823776159638,161.57801258761577,EL
287,AE06,2.382810352067761,88.32464674074237,EL
288,AE06,-10.407620217028024,397.6024033054504,EL
289,AE06,-6.994390095907914,264.982163730272,EL
290,AE06,6.655609947205221,234.17853915519987,EL
291,AE06,-11.595509932320963,404.6070998704516,EL
292,AE06,3.385866685904091,173.08667081097528,EL
293,AE06,-9.24775852571804,388.42453378114914,EL
294,AE06,4.419461241346767,191.005485164236,EL
295,AE06,-6.258946464229524,238.8712343954761,EL
296,AE06,4.624903526827261,216.3752039553657,EL
297,AE06,-2.45873147027756,109.69247365141516,EL
298,AE06,-7.717125853844228,144.35065567627038,EL
299,AE06,-6.1348976535722,243.68531486508112,EL
300,AE06,3.0791180179088897,166.98292900362037,EL
301,AE06,4.504036987466609,205.80171895908447,EL
302,AE06,-3.2620080218976426,164.96513875173946,EL
303,AE06,7.484281457526485,279.51530840528943,EL
304,AE06,-3.0611873534431417,121.6786840745739,EL
305,AE06,-2.8224871596001364,145.31915560634266,EL
306,AE06,-5.465566743717808,142.20811478191482,EL
307,AE06,5.573039535707995,229.9815274152177,EL
308,AE06,2.299306761615952,132.80828936124945,EL
309,AE06,-4.509040992604472,156.15614192238883,EL
310,AE06,-11.115830744171284,391.9953071744523,EL
311,AE06,-6.390310503355199,55.52325020294376,EL
312,AE06,4.338930717761627,180.5005816329753,EL
313,AE07,2.427986844238225,129.11427777063253,EL
314,AE07,-2.5549821744712897,170.19153325261226,EL
315,AE07,-7.274245087225921,197.4882970755937,EL
316,AE07,1.8707897376586384,130.5443448484064,EL
317,AE07,7.875145893122418,208.433964137056,EL
318,AE07,5.294288887447886,198.42538980064413,EL
319,AE07,7.427314642139901,212.44413556804705,EL
320,AE07,5.255901581713363,229.41863389478507,EL
321,AE07,7.24027694084355,237.82589365174763,EL
322,AE07,6.9263636024759565,247.79916893754827,EL
323,AE07,2.553367160020743,131.52073200981707,EL
324,AE07,7.492472884741426,247.18531722406544,EL
325,AE07,7.691988795018416,249.25056505499543,EL
326,AE07,-6.183235174863523,156.27747587403624,EL
327,AE07,-5.705418170637041,176.59571204539887,EL
328,AE07,4.948836726715827,203.17067124835904,EL
329,AE07,-2.862886453342352,174.33917867896696,EL
330,AE07,-4.416525359918007,230.7323408553517,EL
331,AE07,2.123632904200837,133.50837821672812,EL
332,AE07,-3.2093847484732603,210.9068228272168,EL
333,AE07,4.869207958233959,225.92128143636083,EL
334,AE07,-1.714858510628087,103.30680100859054,EL
335,AE07,-4.766429797286076,223.10165309287385,EL
336,AE07,7.141966554251997,230.88275666340772,EL
337,AE07,-8.686154199001106,250.83584119553288,EL
338,AE07,-7.1384742134951065,297.05725554316314,EL
339,AE07,-9.742522585592376,290.43546362752846,EL
340,AE07,2.124216074315568,129.0549631128695,EL
341,AE07,5.660229946985412,209.79510163433645,EL
342,AE07,7.010948321278828,276.1246883364511,EL
343,AE07,-3.3765560307618863,217.7327806611278,EL
344,AE07,-4.754152471982394,244.8045707155053,EL
345,AE07,-7.555820714088328,273.3642610910602,EL
346,AE07,1.7968773049433828,116.3848976908907,EL
347,AE07,-8.531887633447887,339.69403396113245,EL
348,AE07,-5.6944686739803325,140.13972137574612,EL
349,AE07,6.73623769585231,232.06937867175031,EL
350,AE07,-10.290287394595628,364.1059516602819,EL
351,AE07,3.5410121626378874,197.50230082292663,EL
352,AE07,-8.592741148670598,313.34050701582146,EL
353,AE07,-5.531421534461504,285.49127982435874,EL
354,AE07,4.765821713964093,220.5750789204864,EL
355,AE07,-3.157193238260467,205.4557422190396,EL
356,AE07,-7.750174877632628,281.58906299392606,EL
357,AE07,-3.164761608226787,152.87254586646216,EL
358,AE07,2.087472751418595,136.2166366282768,EL
359,AE07,4.706350415173703,188.34790918640152,EL
360,AE07,-3.7900626412218426,170.27774263226354,EL
361,AE07,-3.297353338467857,88.83302626033296,EL
362,AE07,-2.976804859736087,175.6250515133907,EL
363,AE07,-2.6271240770285558,168.36011830718553,EL
364,AE07,-4.088639171764188,171.53286681395977,EL
365,AE07,5.032802326446063,201.736017222132,EL
366,AE07,1.9266455527217283,102.39284982162208,EL
367,AE07,-6.169622246481978,195.32728913216516,EL
368,AE07,-6.817991005859462,285.5684231592134,EL
369,AE07,-8.38060941963094,249.443066835094,EL
370,AE07,4.3044181285639045,142.75065398871251,EL
371,AE08,3.511933477747585,177.9059766953821,EL
372,AE08,-3.376010504186556,216.2833392594416,EL
373,AE08,-7.067123591730974,233.96847501664837,EL
374,AE08,3.588997309947009,214.2717497021005,EL
375,AE08,6.87319346584489,194.9097541749196,EL
376,AE08,4.951801349789491,241.65431704832383,EL
377,AE08,8.577053899349938,226.4343762222467,EL
378,AE08,5.381264797241481,223.01328169961857,EL
379,AE08,8.679994746297446,229.13949994697276,EL
380,AE08,-2.858793811232239,188.16306289236212,EL
381,AE08,8.967664686685335,327.5995333990816,EL
382,AE08,10.070589660018172,298.05862963435175,EL
383,AE08,-12.895032768255811,444.4628239916618,EL
384,AE08,-6.674654713549385,365.3366072932043,EL
385,AE08,5.796725853861366,288.7840303293463,EL
386,AE08,-3.1026659544605053,168.43083256620784,EL
387,AE08,-5.178571260604514,274.6032319623512,EL
388,AE08,4.281827345791155,217.8800421405627,EL
389,AE08,-2.853564487556041,164.7115530011043,EL
390,AE08,5.587985181484177,243.12968046461057,EL
391,AE08,-4.783588589950343,126.18811862248256,EL
392,AE08,6.800094577408364,211.42911752289731,EL
393,AE08,-15.381750237852692,357.4485174412236,EL
394,AE08,-9.136781508728978,352.80043924346273,EL
395,AE08,-10.13024873302681,337.8310238236148,EL
396,AE08,4.204913646128671,253.6613661009029,EL
397,AE08,6.1536298255531285,258.78917300192234,EL
398,AE08,7.632153104385528,300.40383766082334,EL
399,AE08,-2.320994290819908,146.3043832263158,EL
400,AE08,-6.886374442713593,355.4389480213098,EL
401,AE08,2.055160669435865,58.68033885355968,EL
402,AE08,-7.728593480341706,286.3139727318782,EL
403,AE08,7.88963229102072,305.88290217720134,EL
404,AE08,-10.755911698870529,437.398588144859,EL
405,AE08,3.304374970974784,186.29080536148,EL
406,AE08,-9.743373217683438,421.3497168923288,EL
407,AE08,5.50293007591859,143.12020344902135,EL
408,AE08,-2.8677002230925384,94.14269688978112,EL
409,AE08,-9.237721158481635,459.7078823775178,EL
410,AE08,-5.483077671088617,229.62948686566943,EL
411,AE08,3.5503035293700687,185.8143764358029,EL
412,AE08,6.368748413853319,213.45144003514824,EL
413,AE08,-4.715980622352494,291.5311065867658,EL
414,AE08,6.816665146733642,275.366015133796,EL
415,AE08,-2.3311666112627902,117.25418856369272,EL
416,AE08,-1.7716737649280807,79.25135916495555,EL
417,AE08,-4.983368852088203,235.6402442685248,EL
418,AE08,4.762877401336396,216.4566333903761,EL
419,AE08,2.321105287734589,130.64009905600048,EL
420,AE08,-7.35344279219691,384.1326164872021,EL
421,AE08,-3.825540597706308,218.2077153080059,EL
422,AE08,-7.295549956888983,355.72771407708933,EL
423,AE08,5.993354150233088,307.4428780394821,EL
424,AE09,3.141749300230866,171.27280094655072,EL
425,AE09,-2.4519841167516185,138.18914279599363,EL
426,AE09,-9.669839119702775,296.36736040111833,EL
427,AE09,3.213340088121715,188.52505730186604,EL
428,AE09,10.263532774548006,430.62004500418817,EL
429,AE09,7.293272127674751,250.3393773893663,EL
430,AE09,9.62564933087393,347.05013157526344,EL
431,AE09,6.37558464140627,298.4252317508326,EL
432,AE09,8.315742638565107,326.61947472205907,EL
433,AE09,9.806747549082225,420.3240966560232,EL
434,AE09,3.761335857553135,183.1812695835711,EL
435,AE09,8.82727567162737,345.65658034134367,EL
436,AE09,10.214791912418356,392.5538743686605,EL
437,AE09,-5.4984921987127775,244.97485598379356,EL
438,AE09,-5.598631554696016,244.29381101845237,EL
439,AE09,6.203048569523386,295.26918266223635,EL
440,AE09,-2.5739202804728043,134.61915451110505,EL
441,AE09,-4.782102326650156,225.16284994805903,EL
442,AE09,3.872656626171901,197.3193379938673,EL
443,AE09,-1.758801503511303,95.28176816162092,EL
444,AE09,7.007347860860982,298.2554791463386,EL
445,AE09,-2.0270904892634736,96.12948209954442,EL
446,AE09,-5.44534689992118,207.4865748318973,EL
447,AE09,9.029851582291212,346.3178495939908,EL
448,AE09,-11.468980844132304,336.77569966931986,EL
449,AE09,-10.069740236772876,369.48875517873927,EL
450,AE09,-10.061462822511189,375.7778366443958,EL
451,AE09,3.0730172105088247,186.86124818076905,EL
452,AE09,5.965014909632254,309.11003513312323,EL
453,AE09,7.568855495645861,319.4972395295137,EL
454,AE09,-2.904952143038744,164.68540253920335,EL
455,AE09,-8.82593990509715,327.3605679028355,EL
456,AE09,3.6793768318653424,180.9705043909431,EL
457,AE09,-9.630075279246078,398.4015924772543,EL
458,AE09,-6.777584055319462,236.0381432300395,EL
459,AE09,10.072058847147666,376.134467553565,EL
460,AE09,-9.86789210579753,323.4291882049548,EL
461,AE09,3.894158434834127,169.82572923577928,EL
462,AE09,-9.677831552874954,223.04040900323443,EL
463,AE09,5.948177286151786,239.7974221873941,EL
464,AE09,-6.793745879289679,284.52715253476146,EL
465,AE09,6.22657450867294,267.9326366427688,EL
466,AE09,-2.0435557384626177,119.48102251425092,EL
467,AE09,-11.70125525811932,362.0931997184898,EL
468,AE09,-6.977248375926353,253.59103016128432,EL
469,AE09,6.284635365371944,297.2542942557929,EL
470,AE09,-3.13445632850586,127.76103118171056,EL
471,AE09,-1.6850620656592668,102.9393724978486,EL
472,AE09,9.71748887483906,373.7256963857797,EL
473,AE09,-2.9647140207412885,123.41250978032431,EL
474,AE09,-2.224471925774793,81.77499001959491,EL
475,AE09,-4.0433429005192005,173.241481484119,EL
476,AE09,6.982696127087444,273.3661445937183,EL
477,AE09,-6.772364809023944,249.28740674442184,EL
478,AE09,-10.204752746652453,271.87458783250264,EL
479,AE09,-12.447091062077696,428.8717269784477,EL
480,AE09,5.7691742803919,299.1415749313888,EL
481,AE10,2.9268025134321487,162.61314438243923,EL
482,AE10,-2.5706876704767203,128.26564843697662,EL
483,AE10,2.2984698104601966,135.70666836369543,EL
484,AE10,8.637998870755565,282.30741862405887,EL
485,AE10,5.917889634268748,258.4971413158683,EL
486,AE10,9.387152061405605,327.14131372300955,EL
487,AE10,6.622560787181107,275.136938022468,EL
488,AE10,8.522495168450314,292.4430950155153,EL
489,AE10,8.427404535156942,325.14171338984414,EL
490,AE10,2.447714533949686,138.69410031273432,EL
491,AE10,8.914148807363862,252.10717306100508,EL
492,AE10,8.70532791404656,306.36718976712297,EL
493,AE10,-6.224738819288062,172.10168397349818,EL
494,AE10,-5.959585533226519,171.92752086711988,EL
495,AE10,6.019220569757636,241.677757698596,EL
496,AE10,-2.0935863667532466,97.22534591776132,EL
497,AE10,2.605418135234366,150.2302389580318,EL
498,AE10,-2.305393773080654,95.02521900032072,EL
499,AE10,5.953507674857911,217.03173138863508,EL
500,AE10,-2.353059920244654,81.38756688810453,EL
501,AE10,-4.929206245818476,158.80368066178113,EL
502,AE10,-8.428788686173988,227.1460556767731,EL
503,AE10,-8.6512389865297,248.67724629501384,EL
504,AE10,2.535003911014522,155.46638876454435,EL
505,AE10,5.9815004515024,209.60496835733775,EL
506,AE10,7.7692691099663165,224.51622215439727,EL
507,AE10,-2.036208392222902,102.06384000271083,EL
508,AE10,-6.745738561363071,196.82462887086223,EL
509,AE10,-8.36358431419896,238.26386567614017,EL
510,AE10,3.319306682134407,156.49595082491345,EL
511,AE10,-22.675656058875347,1312.87567895008,EL
512,AE10,-5.490157022681286,192.5455411740444,EL
513,AE10,9.775769467381089,328.1621597633585,EL
514,AE10,-8.5717394790431,226.71136867314652,EL
515,AE10,2.8605308904642994,145.76172585872337,EL
516,AE10,-8.627191222951428,230.96802269485272,EL
517,AE10,6.617915759738487,187.96815964022076,EL
518,AE10,-6.107207324664755,192.41632764229797,EL
519,AE10,6.68112485449906,238.006199538107,EL
520,AE10,-2.1387316234227134,106.02549082567518,EL
521,AE10,-8.978116149658618,278.9420282305107,EL
522,AE10,-5.576711243379243,193.2097003250963,EL
523,AE10,-23.23070024658001,1138.6220843626909,EL
524,AE10,5.765493983696947,242.57891334376384,EL
525,AE10,-1.8650069861761545,87.73848768673956,EL
526,AE10,-3.789358986008016,121.0769943350716,EL
527,AE10,9.991860257627623,156.93589774204372,EL
528,AE10,-2.515184734078652,102.5786686908126,EL
529,AE10,-1.8249706656442857,80.64169993513099,EL
530,AE10,-5.6284767438540175,198.92257194393588,EL
531,AE10,5.165373552360231,209.8950381841768,EL
532,AE10,2.9253061123027244,138.81772286841283,EL
533,AE10,-5.1793586482124025,185.95507013291396,EL
534,AE10,-8.237362288736922,222.6421934700003,EL
535,AE10,-8.490770194053935,240.0132387277423,EL
536,AE10,6.028331740560865,271.97713457599065,EL
537,AE11,2.787906223725223,131.70367282014195,EL
538,AE11,-3.697273946958161,202.0055800187978,EL
539,AE11,-9.60813724481948,374.23385610167486,EL
540,AE11,3.697353334065051,184.10100174939683,EL
541,AE11,6.709390977337479,264.56810068789025,EL
542,AE11,7.453104809622323,232.2772339881871,EL
543,AE11,4.5496491821339,212.1254784730077,EL
544,AE11,8.818666229653335,306.6686702084509,EL
545,AE11,5.731333393769749,226.41108699947264,EL
546,AE11,3.6712532399818016,168.2884407144567,EL
547,AE11,7.793733789316146,257.7026632892985,EL
548,AE11,3.9734608316266034,173.5236913473906,EL
549,AE11,-6.133567659533851,275.35381054199496,EL
550,AE11,6.049702710484105,227.8923373014279,EL
551,AE11,-4.944581277845314,222.48409301619543,EL
552,AE11,-2.857707958908559,156.98186085488578,EL
553,AE11,5.673579430810214,244.86810609781543,EL
554,AE11,-10.994436546069876,401.1466987012101,EL
555,AE11,8.475971533858086,309.85759901007134,EL
556,AE11,-9.05114443035411,402.3627030074899,EL
557,AE11,-10.020602178412346,342.70272261066305,EL
558,AE11,-9.250872475406986,362.401668676078,EL
559,AE11,3.11736370709567,167.93071954942803,EL
560,AE11,5.538165551923079,217.8198151228584,EL
561,AE11,6.105853668934406,194.0569792009404,EL
562,AE11,-3.413349858855824,195.40577726288936,EL
563,AE11,-8.48260870203197,350.89916021493013,EL
564,AE11,-10.761207854665216,404.5918405242888,EL
565,AE11,3.833055888358104,170.40095644285984,EL
566,AE11,-7.309571772747402,304.24608275096654,EL
567,AE11,-7.425270440211513,321.7144221551494,EL
568,AE11,6.588282537677166,248.66515599768684,EL
569,AE11,-9.928304275346406,398.75894267687806,EL
570,AE11,3.3665445642180742,175.24816171502744,EL
571,AE11,-8.883634196847815,314.85349946765643,EL
572,AE11,5.803714663352128,260.02040749680305,EL
573,AE11,-5.514120203130776,192.88538813356445,EL
574,AE11,5.718476070233933,248.82018016822192,EL
575,AE11,-8.897071405198325,390.3826331493974,EL
576,AE11,3.350589550979046,169.08396869496966,EL
577,AE11,-4.341950545427984,194.0869219453161,EL
578,AE11,8.177471971401424,328.6041021514115,EL
579,AE11,3.048006025364174,135.059514417172,EL
580,AE11,-6.486797119948232,274.4129024160149,EL
581,AE11,6.37441550790194,255.1267664661167,EL
582,AE11,3.34270369264552,183.69491329086904,EL
583,AE11,-9.68443528841279,328.28360147307586,EL
584,AE11,-9.177691718754955,397.2291943913408,EL
585,AE11,6.044088477906412,264.0408897779624,EL
586,AE12,1.734928571892695,97.40820622853155,EL
587,AE12,-1.7709931805264842,110.5727367882392,EL
588,AE12,2.792187243227588,118.72539641091412,EL
589,AE12,6.011521047682629,192.2816278183077,EL
590,AE12,4.419228964412159,142.78147256316063,EL
591,AE12,7.72600209028354,225.3420064819569,EL
592,AE12,4.397893152745594,153.16363101535254,EL
593,AE12,0.2169712711880214,33.130689146414554,EL
594,AE12,8.529956608545966,217.2785975619555,EL
595,AE12,2.35639291167888,115.90328457539891,EL
596,AE12,7.586332733162265,188.3647559371932,EL
597,AE12,7.704221701925655,153.86704369711484,EL
598,AE12,-4.9200759905244205,142.8718463194295,EL
599,AE12,5.1765234686406965,193.9681632333453,EL
600,AE12,-2.339578121924472,95.18966291344654,EL
601,AE12,-3.513668517787127,153.35234476358113,EL
602,AE12,3.371957025682347,158.36280519047023,EL
603,AE12,3.120468348155671,125.60964544965232,EL
604,AE12,-2.695398138615847,153.57747614568268,EL
605,AE12,-5.765778664084862,153.12423094275556,EL
606,AE12,7.224039721827726,242.16656174715249,EL
607,AE12,-2.950498562604306,64.55631483577626,EL
608,AE12,-9.387085825065556,246.3275460814481,EL
609,AE12,4.956470317845896,204.20400859270785,EL
610,AE12,6.706180667711283,187.97402171166317,EL
611,AE12,-5.493439250919819,171.4477458193672,EL
612,AE12,-4.924668305356884,143.51256348260063,EL
613,AE12,2.9449752953430384,130.86901570243725,EL
614,AE12,-10.708213431378518,192.21402706063665,EL
615,AE12,-5.9497678137623184,218.696380815234,EL
616,AE12,9.392232369561212,207.40160518178772,EL
617,AE12,-8.761613819981218,210.02496726720403,EL
618,AE12,-8.986809788986044,239.58649980409336,EL
619,AE12,9.198995770567894,236.36987766684277,EL
620,AE12,-6.123612632212775,213.30526743220625,EL
621,AE12,5.846607078326656,214.7920273004161,EL
622,AE12,-9.117519325270386,250.98517367593357,EL
623,AE12,-3.8055986311279337,159.0462490136632,EL
624,AE12,5.53525285081888,191.99633654377817,EL
625,AE12,-1.957986878111112,104.4458245716228,EL
626,AE12,-1.8813037659589449,117.031685974012,EL
627,AE12,8.266399040659772,239.12126869279288,EL
628,AE12,-4.280374776632623,188.5622014164009,EL
629,AE12,5.077690130314725,190.18635183388088,EL
630,AE12,3.842243962600101,164.2787113252513,EL
631,AE12,-5.765245070506206,166.49222434515758,EL
632,AE12,-9.453928068563076,260.4833111904039,EL
633,AE12,-6.913416135262901,218.61858712887417,EL
634,AE12,4.473506587860529,175.75205396370163,EL
635,AE13,2.500356281597038,137.2361862122138,EL
636,AE13,-3.5065543168300173,192.6453633266506,EL
637,AE13,-8.46113014081815,354.7537977403512,EL
638,AE13,2.64974934282696,153.7307418320069,EL
639,AE13,8.247497522079609,319.518366431451,EL
640,AE13,3.897693943809365,194.75172678169235,EL
641,AE13,8.391090765965261,305.3371150029752,EL
642,AE13,1.81785707422492,118.24147817047132,EL
643,AE13,8.632732879200766,287.5648942853924,EL
644,AE13,2.652615838353884,154.29000337051804,EL
645,AE13,8.843110690571423,339.34005154252327,EL
646,AE13,7.883334477634065,325.4417942872568,EL
647,AE13,-5.485852227881196,274.6286806710183,EL
648,AE13,-7.299695262517134,321.11601727348113,EL
649,AE13,4.305930602979526,209.00584734490556,EL
650,AE13,-3.6024983405871387,210.13556163552263,EL
651,AE13,2.2137501951338816,112.00386055106726,EL
652,AE13,5.705623462731737,287.8795323056457,EL
653,AE13,-3.6588246626327217,189.8081595796927,EL
654,AE13,-5.776459245256374,284.12580556889986,EL
655,AE13,8.515890856130063,312.1113413962239,EL
656,AE13,-8.271650554487527,280.2127666696794,EL
657,AE13,-9.336100830419898,320.8979582859195,EL
658,AE13,2.9600636182035576,142.75565175870372,EL
659,AE13,5.749835759080611,279.1034034040399,EL
660,AE13,7.994443162055402,333.0768023082891,EL
661,AE13,-3.768068392892281,200.35078405063345,EL
662,AE13,-6.834816321195831,305.5549240248862,EL
663,AE13,-9.925135664566357,394.7570519308563,EL
664,AE13,2.344899269853672,139.61627873242674,EL
665,AE13,-9.100906516752126,373.0517179669829,EL
666,AE13,-6.228153112127104,265.83528994704875,EL
667,AE13,7.850060574220768,379.8550150245773,EL
668,AE13,-9.531867467964895,338.9125440287266,EL
669,AE13,3.022743417260834,192.1709101395864,EL
670,AE13,5.3195509194894965,270.27254802596207,EL
671,AE13,-6.935103514349916,261.89633150627225,EL
672,AE13,5.385204871815476,273.17588380093383,EL
673,AE13,-2.8930303752335997,163.8145996383834,EL
674,AE13,-10.406323050042024,360.9371511645428,EL
675,AE13,-5.337003526006469,268.27508259856745,EL
676,AE13,2.6985213835012782,145.39614210873086,EL
677,AE13,5.429795857039766,240.5521672506567,EL
678,AE13,-2.4629734050308065,144.83280009888875,EL
679,AE13,8.300476021371448,309.7780427256518,EL
680,AE13,-3.305680399476661,188.18933484004305,EL
681,AE13,-6.373428621432872,322.9057300800931,EL
682,AE13,3.977482277803553,178.77478387112228,EL
683,AE13,2.0719800404953173,127.68775356335878,EL
684,AE13,-5.46792778141509,263.0206006925716,EL
685,AE13,-8.877297150053748,370.2442235793219,EL
686,AE13,-10.549828979834126,373.66329973548784,EL
687,AE13,5.130614274666803,265.7995425951657,EL
0,AE01,-0.3494191366427355,40.14401972066898,ML
1,AE01,-4.465465310061799,108.40528308176528,ML
2,AE01,1.9054768913525455,80.58811864715739,ML
3,AE01,5.847678837532275,149.65355139621826,ML
4,AE01,3.608365609824785,129.1941060114872,ML
5,AE01,5.368034339325039,141.4519774651229,ML
6,AE01,3.789642563874918,118.30418750739702,ML
7,AE01,4.6930448800864895,122.6765695571369,ML
8,AE01,2.1816062464593653,78.11231414420568,ML
9,AE01,1.61762106882024,69.4519538852066,ML
10,AE01,4.317523287186388,170.53452255881638,ML
11,AE01,5.230577432155904,126.88414042890396,ML
12,AE01,-3.710514482615631,79.94355288070872,ML
13,AE01,-1.9642316067630892,72.60150369784253,ML
14,AE01,3.5031956354819807,121.07443664694658,ML
15,AE01,-0.3595659926304879,33.88314263143484,ML
16,AE01,-3.642351644766606,109.09965177758212,ML
17,AE01,-1.5217571292645733,52.6451323761287,ML
18,AE01,3.981002017388696,155.58139966754783,ML
19,AE01,-0.7565596632023741,44.40149760517202,ML
20,AE01,-3.450612243741324,127.01992782247558,ML
21,AE01,4.461420677714356,153.1212901403961,ML
22,AE01,-6.319635520585553,126.06886373890336,ML
23,AE01,-4.350135234975626,125.23785973575522,ML
24,AE01,-4.080282079998208,113.35656378477,ML
25,AE01,1.7285297294063202,77.02398934320142,ML
26,AE01,2.917791661746892,80.54631037622777,ML
27,AE01,7.519021031129093,195.33385811792724,ML
28,AE01,-0.5523836189896265,47.41787547682189,ML
29,AE01,-5.06696668253322,115.4608176704416,ML
30,AE01,-6.563147618760103,262.17436161017645,ML
31,AE01,2.824242654306544,112.95541412935312,ML
32,AE01,-2.888808055070897,130.11352691528185,ML
33,AE01,-2.882105664989904,135.06053352724894,ML
34,AE01,6.064321420044811,164.29619236584531,ML
35,AE01,-3.864512148236077,110.2555304451153,ML
36,AE01,1.6940463473428036,85.40840686847551,ML
37,AE01,-4.463871090225691,130.55959553020605,ML
38,AE01,5.14833916270792,186.937096596022,ML
39,AE01,-2.8599193494819453,68.04158173915567,ML
40,AE01,3.928825153646674,130.68021882577415,ML
41,AE01,-0.9738053165802328,46.58371832285635,ML
42,AE01,-4.517126509743465,142.7130910207123,ML
43,AE01,-2.966001780150519,85.1899725413745,ML
44,AE01,4.213623306526882,100.576498086151,ML
45,AE01,-0.6053203482388749,50.69343469989773,ML
46,AE01,3.1344152508379475,86.41715414697723,ML
47,AE01,-0.6425165795851626,44.33178092801622,ML
48,AE01,-1.2778633601393103,51.96745312621095,ML
49,AE01,3.883189227841585,151.10076980552097,ML
50,AE01,3.261176023104335,124.7277477680897,ML
51,AE01,-2.99771974894107,110.41172201345483,ML
52,AE01,-3.3403974934113503,129.28802798834616,ML
53,AE01,-4.194383185160801,110.63280534619668,ML
54,AE01,2.3853425708114573,86.34054834282212,ML
55,AE02,1.306396841323796,51.72111434158955,ML
56,AE02,-0.5429968149587001,44.07332202654428,ML
57,AE02,-9.518892898865468,408.9459902093853,ML
58,AE02,6.698389421488918,298.2880302675193,ML
59,AE02,4.119389677046794,165.4464926650574,ML
60,AE02,7.821031842504488,328.3707320546916,ML
61,AE02,7.821808737028268,318.66327676412806,ML
62,AE02,7.112993762022288,240.76674952038024,ML
63,AE02,2.778447256308331,121.77108032824523,ML
64,AE02,7.680069860107396,301.27526550890843,ML
65,AE02,8.31930438376103,324.40211014383243,ML
66,AE02,-2.674043688765368,106.7402258414342,ML
67,AE02,-2.5949157075739238,146.25424567990453,ML
68,AE02,4.928032282085953,239.24598788268185,ML
69,AE02,-0.2291498497073494,32.905190064236166,ML
70,AE02,-2.266535216026682,87.67690965624493,ML
71,AE02,-0.7446324955959387,59.42534184102895,ML
72,AE02,3.7743182009939886,169.35562408459666,ML
73,AE02,-0.8607314782434763,67.21071486020406,ML
74,AE02,-3.5374421883478178,143.6301388941703,ML
75,AE02,-4.319667352588485,174.76141590655092,ML
76,AE02,2.0720874673179583,107.4052045526456,ML
77,AE02,4.217946912931573,201.5563203260524,ML
78,AE02,-1.8567959011126511,78.13646278610105,ML
79,AE02,-3.3502462444558816,146.05890898381884,ML
80,AE02,1.698947809810992,93.35292187516129,ML
81,AE02,-4.102079734623247,111.6963802859514,ML
82,AE02,-2.698395105971617,61.95865266103444,ML
83,AE02,6.023774342196649,208.95852143072656,ML
84,AE02,1.7960858195426823,78.8287864377879,ML
85,AE02,4.240349769073605,156.07056140924962,ML
86,AE02,0.4505031503905528,46.12954180094856,ML
87,AE02,-2.264067472688863,89.35446022829548,ML
88,AE02,4.446057046795247,219.6327087870055,ML
89,AE02,-0.6081163967729495,41.29621180665799,ML
90,AE02,2.495744877991134,110.8892448939099,ML
91,AE02,3.696568446202548,188.9064235075272,ML
92,AE02,-0.6159489012279362,50.14237713671643,ML
93,AE02,5.772679280139792,196.2828268671117,ML
94,AE02,-2.272167580908216,104.248120393947,ML
95,AE02,-1.1742888392745012,51.17968969113355,ML
96,AE02,4.47601616850131,176.22237682441636,ML
97,AE02,2.0577702870725094,79.38072842047025,ML
98,AE02,-2.8788223086981954,138.3025082451581,ML
99,AE02,-3.8161822397696152,122.39754058234504,ML
100,AE02,-4.588925386979957,120.63098898688187,ML
101,AE02,4.52311681440146,179.57216526954463,ML
102,AE03,2.3317994750939075,92.35674069560484,ML
103,AE03,-3.1381271510493955,123.34308278910194,ML
104,AE03,-8.387474458719606,256.5669554905804,ML
105,AE03,8.095451508854087,243.422085271074,ML
106,AE03,6.608123420421293,187.4256894048534,ML
107,AE03,7.099000345104982,217.99352201342987,ML
108,AE03,7.098923012017011,190.93282484323208,ML
109,AE03,8.322050018080656,190.74098132764445,ML
110,AE03,1.7428006592794212,67.3713894166629,ML
111,AE03,7.6920834893557135,226.8698355541643,ML
112,AE03,7.402634885903567,204.9967998390485,ML
113,AE03,4.270905102341411,139.34043867026762,ML
114,AE03,-1.8075905933038805,81.13820478205874,ML
115,AE03,17.69438514462019,282.17126105791124,ML
116,AE03,-1.91207045139509,85.06851688909734,ML
117,AE03,5.105246802710966,164.16733853250062,ML
118,AE03,-1.709313147984405,76.17100341843116,ML
119,AE03,-3.663652754437975,114.12879028319168,ML
120,AE03,7.227994475194489,223.2216104313884,ML
121,AE03,-6.803401748271611,179.5268275539553,ML
122,AE03,4.417874049597717,118.87933505410894,ML
123,AE03,5.615060175450104,135.23430769374457,ML
124,AE03,4.320856624904306,145.14241149058492,ML
125,AE03,4.639200709888653,105.14089380325368,ML
126,AE03,7.338780597721838,207.44763668501628,ML
127,AE03,-1.9955055832469355,78.90385650764992,ML
128,AE03,6.358209775368939,131.8814004763899,ML
129,AE03,-7.097281224093457,197.2144795421208,ML
130,AE03,-7.56768966345151,249.8565640181389,ML
131,AE03,-4.707804782856754,178.35710948626283,ML
132,AE03,7.439972345673459,225.3664905866988,ML
133,AE03,-7.137245864480439,233.4690827976703,ML
134,AE03,2.403915587295588,83.53657588792248,ML
135,AE03,-8.25198605074206,227.9180114672272,ML
136,AE03,4.994091224269767,174.10656898389502,ML
137,AE03,-4.607522662821973,134.02602878177427,ML
138,AE03,5.372824469959294,206.69308660733657,ML
139,AE03,-2.823418607296693,107.55799014889318,ML
140,AE03,-7.102315260490484,195.70121206060733,ML
141,AE03,-4.097769080808295,152.90230896953216,ML
142,AE03,4.2392090808772265,135.25186810698324,ML
143,AE03,-1.8089264928232311,78.69472231202697,ML
144,AE03,7.6245768892009025,218.56927615837307,ML
145,AE03,-2.374935083339436,101.8894315001768,ML
146,AE03,-2.0990607459458843,88.16750057898355,ML
147,AE03,-4.943026219692918,170.22921197513406,ML
148,AE03,4.372309856448536,99.46028639466388,ML
149,AE03,-3.681448646240336,132.914889391628,ML
150,AE03,-5.849533637376316,123.72038555713996,ML
151,AE03,5.139072174963712,163.55546947147715,ML
152,AE04,2.2903934566243804,93.08311636026122,ML
153,AE04,-2.9454000791753057,119.63488479741254,ML
154,AE04,-8.021535478880542,258.41433980228675,ML
155,AE04,2.398748414107048,104.01631827857838,ML
156,AE04,7.998299564587175,225.7289846895608,ML
157,AE04,5.365568332461787,159.49960917063603,ML
158,AE04,7.301699471123276,244.11147705957424,ML
159,AE04,5.299853339875144,174.12234225890123,ML
160,AE04,6.6487948647116175,177.83228258436182,ML
161,AE04,7.373296594099218,189.85032460823373,ML
162,AE04,7.0912225630294,211.67129625932083,ML
163,AE04,7.065228721099334,222.79757230804236,ML
164,AE04,-4.643734981505885,161.36770682971482,ML
165,AE04,-3.1245354141199657,110.43261504437,ML
166,AE04,4.237549174119261,168.56361983389854,ML
167,AE04,-2.269672190778195,107.98493327584112,ML
168,AE04,-5.110122457310554,174.38236619919766,ML
169,AE04,2.2783683256653493,92.1345908662035,ML
170,AE04,-2.508450834279953,102.81384530074143,ML
171,AE04,4.513097552835996,150.7941017011171,ML
172,AE04,-2.3874815377078678,115.56071696082238,ML
173,AE04,-4.930354116961492,165.92090188388497,ML
174,AE04,7.75061871998045,187.01848995874377,ML
175,AE04,-7.624994060875993,216.3216753768513,ML
176,AE04,-7.082184506381852,162.1748061204938,ML
177,AE04,-7.900717480889282,218.27996387133135,ML
178,AE04,1.7676370554556882,76.2594823465301,ML
179,AE04,5.14302112203896,114.68314610142949,ML
180,AE04,7.280088919144918,208.60956793691736,ML
181,AE04,-2.437686988705816,110.86849362008648,ML
182,AE04,-4.763467051714576,171.8088218029673,ML
183,AE04,-7.528187522925345,211.84674662968345,ML
184,AE04,1.607883174016064,79.09309559054715,ML
185,AE04,-6.380513465544436,194.80117595146072,ML
186,AE04,-5.677156806565453,217.0149275786962,ML
187,AE04,7.085765772495847,172.7812403207768,ML
188,AE04,-7.569045879120716,234.1061080205342,ML
189,AE04,2.277494622155576,92.52627796835291,ML
190,AE04,-7.746107189392758,234.54581496636052,ML
191,AE04,4.436202456617515,152.75502335328093,ML
192,AE04,-4.474764017151728,180.72927018872315,ML
193,AE04,4.84035834049347,168.7393036842583,ML
194,AE04,-6.200096549213599,222.06243060140412,ML
195,AE04,-4.70622312064061,154.96868868269263,ML
196,AE04,1.8400698898399528,76.71823855595566,ML
197,AE04,4.141866198832157,128.04278384595045,ML
198,AE04,-2.680377054379132,112.42364631299176,ML
199,AE04,-2.557489478019805,104.39531666527829,ML
200,AE04,7.394103909858518,178.0596264381259,ML
201,AE04,-1.9643649407596564,89.79267210935186,ML
202,AE04,-2.712654298169783,102.56131334751552,ML
203,AE04,-5.393413087462312,168.40731065233996,ML
204,AE04,4.69043807678676,144.91869473958843,ML
205,AE04,-3.964330470340738,144.6623744254076,ML
206,AE04,-8.768358520138685,241.44020180803105,ML
207,AE04,-7.945011312042679,207.54154041655823,ML
208,AE04,4.433565815980943,152.79222224890316,ML
209,AE05,1.7948827495066355,73.56849802514705,ML
210,AE05,-1.3976174606102625,64.77084479933511,ML
211,AE05,-6.023867081751109,162.85196625447315,ML
212,AE05,2.0041275531853504,82.1780057831496,ML
213,AE05,6.21061614207628,168.1047748417818,ML
214,AE05,2.90824886479324,80.27469062453784,ML
215,AE05,7.923797413828248,200.3777716290307,ML
216,AE05,1.6475150658330158,84.04126695749537,ML
217,AE05,5.257752598882252,152.1517008326334,ML
218,AE05,4.11609171561109,118.94370389917476,ML
219,AE05,-2.8485919241479656,97.21571704813223,ML
220,AE05,-2.3105124025420607,80.01538545166072,ML
221,AE05,4.86972305268628,120.95856307407372,ML
222,AE05,-1.6468868851440766,71.54553059959868,ML
223,AE05,1.4264310186335436,54.734736408224535,ML
224,AE05,-2.12670447395172,97.06990576397824,ML
225,AE05,3.856512661450936,102.091102835826,ML
226,AE05,5.625814649566376,147.94581507681826,ML
227,AE05,-5.404770954459893,159.87345405890943,ML
228,AE05,1.266201635092436,58.490385456647495,ML
229,AE05,0.7785205165492499,51.38085775239865,ML
230,AE05,3.1263833639567835,110.71515090542694,ML
231,AE05,2.4462941558295483,73.37682358211069,ML
232,AE05,-2.34874213850488,105.91562007975465,ML
233,AE05,-3.0685285331977763,95.5084086674978,ML
234,AE05,1.8142685265899736,71.54288896050912,ML
235,AE05,-7.797991560443916,134.29959875188536,ML
236,AE05,-4.633265340807401,83.08433717393511,ML
237,AE05,6.874831128125732,147.61926257520773,ML
238,AE05,-8.777201545700947,225.0634238361717,ML
239,AE05,2.559539613400447,100.63993893798369,ML
240,AE05,-3.185001902491975,110.53422207942045,ML
241,AE05,3.3863509938942444,74.42443374152515,ML
242,AE05,3.415191009228619,91.028201367485,ML
243,AE05,-1.38906661496832,66.33685503278141,ML
244,AE05,-4.762007289330402,119.78608216652675,ML
245,AE05,0.8608687970518316,55.05023179153393,ML
246,AE05,4.491165917557938,128.98221680902006,ML
247,AE05,-0.2275797064600473,230.1238827720653,ML
248,AE05,6.278171259021622,143.9677907232631,ML
249,AE05,3.7524193967198887,122.0135222328058,ML
250,AE05,1.995767347925069,50.71665808174349,ML
251,AE05,-4.577478331667683,136.73732397930232,ML
252,AE05,-6.676192800346621,218.72966260929297,ML
253,AE05,3.201732794994244,71.33708906522436,ML
254,AE06,2.1920024084741527,78.67014458896844,ML
255,AE06,-2.750420797142091,121.72183583247076,ML
256,AE06,-7.810989755891743,241.5634053690403,ML
257,AE06,2.337207281061165,89.60653688055557,ML
258,AE06,7.739765979812169,215.62380568763476,ML
259,AE06,5.186240310822804,175.0586625209074,ML
260,AE06,8.351548900473485,327.1518772108293,ML
261,AE06,5.830622909729609,262.24337266007666,ML
262,AE06,8.604546873714138,307.2424566224049,ML
263,AE06,8.349422074015326,239.4149506876674,ML
264,AE06,2.2051724839364404,88.99059172903694,ML
265,AE06,8.45210787201949,221.3668146273795,ML
266,AE06,8.624599097273382,188.64068573569557,ML
267,AE06,-6.099513710549818,205.35566083710705,ML
268,AE06,-5.136700151581373,193.93681213137285,ML
269,AE06,6.09268095116127,225.32588035108495,ML
270,AE06,-1.900076910119452,98.33243317517064,ML
271,AE06,-6.893593131083204,220.07790528272156,ML
272,AE06,2.32269699572338,80.28610839882688,ML
273,AE06,-2.826304662960748,106.28358648156026,ML
274,AE06,5.71570566874307,193.44837065505027,ML
275,AE06,-2.105016855210959,54.1437503915955,ML
276,AE06,-5.570460467953044,218.89114456448095,ML
277,AE06,9.39118990592555,341.1336637465926,ML
278,AE06,-9.804513192561084,223.7645453027392,ML
279,AE06,-10.386965629303656,330.50267086992886,ML
280,AE06,-12.182771233208012,392.1416894774501,ML
281,AE06,3.417294136654533,151.52144244093347,ML
282,AE06,7.646317332171378,229.18854103683165,ML
283,AE06,10.879985213339552,410.3080682450857,ML
284,AE06,-2.5939195892851394,100.26868318440278,ML
285,AE06,-7.009772103113402,218.09083995584737,ML
286,AE06,-9.96145683311271,192.66502724937624,ML
287,AE06,2.974015129104714,114.29206319687542,ML
288,AE06,-11.02155646379449,354.6532781474506,ML
289,AE06,-7.707407953302976,206.05436302002408,ML
290,AE06,4.075358731066871,360.6749847786744,ML
291,AE06,-12.739650850099576,347.2864817011292,ML
292,AE06,5.253359620065048,221.35848728262056,ML
293,AE06,-10.42219337965106,343.4314658232835,ML
294,AE06,1.993835975944336,135.31301942167732,ML
295,AE06,-7.712937916721302,242.22569708404373,ML
296,AE06,0.5979989535832217,63.22741439926519,ML
297,AE06,-2.909973700131342,105.51409308115468,ML
298,AE06,-9.850668957404904,183.5828927792731,ML
299,AE06,-7.867060305401697,222.4659409238573,ML
300,AE06,4.14988744406687,162.74121004113695,ML
301,AE06,7.251977217756668,271.185228447389,ML
302,AE06,-4.689407141402583,186.68716132800932,ML
303,AE06,17.09931939358618,561.9355443327241,ML
304,AE06,-3.9737938316777246,113.2525557309624,ML
305,AE06,-3.500368644046649,110.62631054626296,ML
306,AE06,-5.782648801623957,139.59542738023111,ML
307,AE06,8.77576449866914,312.8951756834812,ML
308,AE06,3.212118258690332,137.7349198999894,ML
309,AE06,-4.965160931914952,159.6131401963999,ML
310,AE06,-11.722931479239108,325.1437801492916,ML
311,AE06,-5.277432190719228,67.0040370946509,ML
312,AE06,5.981705586918842,196.99621394987983,ML
313,AE07,4.0869543299770505,157.4479412194066,ML
314,AE07,-3.5872418148344387,131.4115315911192,ML
315,AE07,-2.835879270284863,160.99928291029966,ML
316,AE07,3.580452977133333,143.9845793851564,ML
317,AE07,11.579353025957118,289.0847219477194,ML
318,AE07,7.946969201394708,230.9680535173921,ML
319,AE07,10.76137530668537,276.19085801995567,ML
320,AE07,8.030908092441098,256.84521941324573,ML
321,AE07,10.067713742172671,288.79466365447723,ML
322,AE07,10.749315967461968,322.66995815272,ML
323,AE07,4.35875777411238,160.44228373869598,ML
324,AE07,11.804008103354018,326.6630028470032,ML
325,AE07,11.500086592190112,320.42406598607084,ML
326,AE07,-10.257278234833812,196.4338682884016,ML
327,AE07,-8.974950738909019,266.800985074983,ML
328,AE07,7.974776071284527,230.16079730925597,ML
329,AE07,-4.081165809500831,152.99189903999647,ML
330,AE07,-6.372993341596473,298.37610177221603,ML
331,AE07,3.0723087016417203,136.0478269543083,ML
332,AE07,-4.896537431188758,215.6017156361033,ML
333,AE07,7.281440481501029,243.142205650449,ML
334,AE07,-1.9068046930695388,70.1833646837174,ML
335,AE07,-7.44858514297686,236.60785716531333,ML
336,AE07,12.028259701727826,329.85033987683585,ML
337,AE07,-2.3951460324325566,132.81102689513995,ML
338,AE07,-2.7058178415604104,152.52229288178873,ML
339,AE07,-0.3320719196653741,39.34912920841412,ML
340,AE07,3.653875425146069,126.74068625169149,ML
341,AE07,9.264274017326684,239.00490758034465,ML
342,AE07,11.752867473724336,364.083168373926,ML
343,AE07,-5.346062413313369,196.00708105714097,ML
344,AE07,-7.545761748247578,254.88678458519024,ML
345,AE07,-0.9456702591124112,64.4152693090921,ML
346,AE07,0.8985919621289469,45.627830733471725,ML
347,AE07,-1.8029341360662912,123.35177617360404,ML
348,AE07,-9.596081305483708,200.99330725610187,ML
349,AE07,10.457707389453727,298.5197956455628,ML
350,AE07,-14.943235944914214,416.0034384877217,ML
351,AE07,5.406696293400838,184.07410759267532,ML
352,AE07,-2.4199712895411096,95.66916852042549,ML
353,AE07,-1.730819294658275,111.66323698293024,ML
354,AE07,8.81872475178217,315.8986038485276,ML
355,AE07,-5.47835501726761,253.49300863380824,ML
356,AE07,-9.334817920790996,615.1287253980223,ML
357,AE07,-1.4244434410843425,122.83514932408254,ML
358,AE07,0.6819393388435131,52.94675715427092,ML
359,AE07,8.969976482458847,248.5547968685617,ML
360,AE07,-6.407462682011726,213.6988374088805,ML
361,AE07,-0.384873988613613,42.36488771750313,ML
362,AE07,-5.044735558532619,177.3024885270204,ML
363,AE07,-0.8360651238745689,67.61676764023683,ML
364,AE07,-3.4336998912668197,198.18414052748096,ML
365,AE07,8.370318931005123,239.0000013583191,ML
366,AE07,0.4416350419070056,47.049015698297225,ML
367,AE07,-9.550733154339312,222.92917647741032,ML
368,AE07,-3.847316671351429,135.03702042585914,ML
369,AE07,-11.372181256832723,215.938635822526,ML
370,AE07,5.274990452116352,186.58216451804023,ML
371,AE08,2.4384901096400697,98.7483296229472,ML
372,AE08,-2.501387711194412,117.1572548971751,ML
373,AE08,-5.309692081033202,162.7667864298463,ML
374,AE08,2.7911125474073013,111.15151046630564,ML
375,AE08,5.627820253416537,144.02851074232132,ML
376,AE08,4.094518877333823,156.8491916956926,ML
377,AE08,7.082609916974959,191.36522510462055,ML
378,AE08,4.398583469301332,142.16172230547582,ML
379,AE08,7.546094371136256,183.2245746497616,ML
380,AE08,-2.090168587829786,96.08707663148716,ML
381,AE08,7.085071197169293,257.5626475429092,ML
382,AE08,8.337302205340062,215.5017557000361,ML
383,AE08,-10.69817899687544,331.72771843454285,ML
384,AE08,-5.073523382094532,206.74628148173912,ML
385,AE08,4.565345640014814,173.23319829526616,ML
386,AE08,-1.9407701157249324,100.59843594946828,ML
387,AE08,-3.645039073847913,150.3490198327111,ML
388,AE08,3.40288823207263,133.14684659982242,ML
389,AE08,-1.8521808428668685,82.36961764152524,ML
390,AE08,4.418913995991819,167.3148852337689,ML
391,AE08,-3.671935848392621,90.94703332745006,ML
392,AE08,5.580376698683336,133.8119586089271,ML
393,AE08,-12.409466277691198,251.6064790092105,ML
394,AE08,-7.023634724411913,249.99478937335024,ML
395,AE08,-7.868238662826741,220.494108777506,ML
396,AE08,3.0786600634744734,135.3220161300702,ML
397,AE08,5.014483228708029,160.01818931358196,ML
398,AE08,6.328470917479556,204.3903992846948,ML
399,AE08,-1.5722053242743297,77.98324169408903,ML
400,AE08,-5.331575696122527,200.56151729059417,ML
401,AE08,1.2763429294773632,41.46453403407831,ML
402,AE08,-6.3506624947833465,163.6672570240376,ML
403,AE08,6.608727090570836,223.2715165119741,ML
404,AE08,-8.56803567166692,242.44594801471607,ML
405,AE08,2.333596984191967,106.9192456524773,ML
406,AE08,-7.779776064312212,237.31635246429244,ML
407,AE08,4.29073151330475,106.0628220892256,ML
408,AE08,-2.00344185831871,67.08446865804726,ML
409,AE08,-7.246788847218025,282.6503259950373,ML
410,AE08,-0.815411893531726,1388.7343899344796,ML
411,AE08,2.8731239438451324,108.3403113341304,ML
412,AE08,5.466049735188751,131.6350998529166,ML
413,AE08,-3.318511995429029,142.19957282925324,ML
414,AE08,5.68678566487108,182.93163504916825,ML
415,AE08,-1.5812887986902453,67.75647496231836,ML
416,AE08,-1.2040030068135277,46.86628374087672,ML
417,AE08,-3.5423729370379498,137.60524519115924,ML
418,AE08,3.513321656657835,132.93925423406645,ML
419,AE08,2.0418623982570043,76.9986765422533,ML
420,AE08,-5.997514371317134,219.04258233730437,ML
421,AE08,-2.670240350736103,113.38648124266793,ML
422,AE08,-5.7067826553739085,212.54583753840797,ML
423,AE08,4.728557455894698,174.26019292056228,ML
424,AE09,2.4882699141131006,110.70156775870836,ML
425,AE09,-1.8567227451340236,80.7792041543632,ML
426,AE09,-7.671962964218402,218.9747020260532,ML
427,AE09,2.316177794000652,93.57937976346992,ML
428,AE09,8.640973524263105,274.65565916128617,ML
429,AE09,5.945901154306188,172.88411681455042,ML
430,AE09,8.014233845339431,311.9254578842389,ML
431,AE09,5.24915416061792,180.3393296447334,ML
432,AE09,6.848650525692419,227.60677349003677,ML
433,AE09,8.354835938506533,295.5111847385839,ML
434,AE09,2.883452525801774,105.5533321883688,ML
435,AE09,7.361320128333633,242.33640003884892,ML
436,AE09,8.778798971336727,250.4606611548396,ML
437,AE09,-4.249517590768964,151.98226302551396,ML
438,AE09,-3.926603348282267,148.22820708759212,ML
439,AE09,5.354308540984094,184.03548690884512,ML
440,AE09,-1.8612699001153672,80.70086773498912,ML
441,AE09,-3.628021108920823,130.12486241037695,ML
442,AE09,3.171089107254879,129.29988758746862,ML
443,AE09,-1.255703402380501,60.234985877961535,ML
444,AE09,5.6746120005668885,216.2741666637544,ML
445,AE09,-1.6337484326649232,61.750475946157714,ML
446,AE09,-4.163805148982018,124.64450156701456,ML
447,AE09,7.365970500726418,243.23325514088,ML
448,AE09,-9.16862822424379,242.7206136885093,ML
449,AE09,-8.114599966343775,239.40260768796935,ML
450,AE09,-8.417240966960101,252.80118901199745,ML
451,AE09,2.6718816208842,118.04773694842436,ML
452,AE09,5.197482856818741,182.9472335828608,ML
453,AE09,6.653025147868803,196.93438694756503,ML
454,AE09,-2.3387629817228426,91.96986635725102,ML
455,AE09,-7.149336029564097,213.4134843794272,ML
456,AE09,2.9686661275487527,98.45692945723728,ML
457,AE09,-7.860886729939924,220.2058657416756,ML
458,AE09,-4.813611381909055,151.78107030762374,ML
459,AE09,8.511263652752115,263.8824415756149,ML
460,AE09,-7.5822185079397055,238.89612992768696,ML
461,AE09,2.712862821639666,109.217944567761,ML
462,AE09,-7.72170792960242,199.1295665111589,ML
463,AE09,5.366670635625994,170.92984399289574,ML
464,AE09,-5.407576579620528,163.4868583052785,ML
465,AE09,5.34276624424095,170.5684553460222,ML
466,AE09,-1.643606413001967,57.66023523256332,ML
467,AE09,-8.75407164559132,228.1413348287775,ML
468,AE09,-5.2578421002541536,192.02852265535944,ML
469,AE09,5.4849433096082105,193.33866291904585,ML
470,AE09,-2.402641250650955,101.06003166126582,ML
471,AE09,-1.3487014881468298,55.03230387282909,ML
472,AE09,8.45560264453216,303.9910467715001,ML
473,AE09,-2.058709930163939,103.90052620630848,ML
474,AE09,-1.7794204081765592,77.42918747387743,ML
475,AE09,-3.706745030365104,131.15115814062327,ML
476,AE09,5.649996232685563,182.78596646353213,ML
477,AE09,-5.387822692819228,142.8640459226494,ML
478,AE09,-7.944480713940443,217.25047841420465,ML
479,AE09,-9.603968643036788,274.17400898141506,ML
480,AE09,5.212808062905314,196.62044914881727,ML
481,AE10,1.5840890481538177,74.02768173973908,ML
482,AE10,-1.624494881022577,67.6603631873114,ML
483,AE10,1.5716593985465328,88.51974201862308,ML
484,AE10,6.369931965312264,201.3322575357726,ML
485,AE10,4.027497178910509,159.41182611746308,ML
486,AE10,6.86182813676907,195.10840355452112,ML
487,AE10,4.720442465678602,150.51928237662153,ML
488,AE10,6.108796622626677,180.05009971437357,ML
489,AE10,6.0383343473322775,203.39582431357405,ML
490,AE10,1.2618704980509932,79.82155270720934,ML
491,AE10,6.516344597830139,166.51439790679095,ML
492,AE10,6.272884561078151,180.5002139840307,ML
493,AE10,-4.466167861148877,115.61902551541748,ML
494,AE10,-4.018063756448397,111.5172982361826,ML
495,AE10,4.172405967788085,137.83200663189248,ML
496,AE10,-0.9891025051777912,45.39791843082175,ML
497,AE10,1.6597451253396671,69.2811113945946,ML
498,AE10,-1.251223050878436,57.740019627911565,ML
499,AE10,4.231974597714379,140.65919367940472,ML
500,AE10,-1.377359546948056,55.18118614807469,ML
501,AE10,-3.330444344754363,108.25004201294249,ML
502,AE10,-5.966707578559115,155.7293594679715,ML
503,AE10,-6.229004620676713,158.8517796240735,ML
504,AE10,1.5712505561761914,65.21541396069635,ML
505,AE10,4.041282158091358,126.38872909629043,ML
506,AE10,5.425095674315119,142.48937286125786,ML
507,AE10,-1.0989534117499966,58.98550817419575,ML
508,AE10,-4.704412587277512,124.16683156397404,ML
509,AE10,-5.974148464076639,158.19636821467682,ML
510,AE10,2.02448835119098,92.09646026788724,ML
511,AE10,-2.4443155783336605,71.85448284312785,ML
512,AE10,-3.776385811168741,119.2859461144428,ML
513,AE10,6.859418977484265,203.3186872898142,ML
514,AE10,-6.31149759349837,147.42490078531534,ML
515,AE10,1.7377376873189632,75.76805665249687,ML
516,AE10,-6.187893037772206,144.11917528838384,ML
517,AE10,4.527036016581785,122.35300061005456,ML
518,AE10,-4.273012610012071,111.96347277805668,ML
519,AE10,4.42848139453085,140.76491565005608,ML
520,AE10,-1.1124843148858368,44.80646650976735,ML
521,AE10,-6.450483810270465,178.4878878984377,ML
522,AE10,-3.76306449862603,116.7601510560514,ML
523,AE10,-7.445697240691854,1002.4969322135752,ML
524,AE10,3.998417189681069,124.93872877203874,ML
525,AE10,-1.0860677728930437,48.65477161067785,ML
526,AE10,-2.157267116688549,72.20572818913233,ML
527,AE10,7.091082430242706,117.3191420537066,ML
528,AE10,-1.5410258514180484,64.76576571022674,ML
529,AE10,-1.064615113103466,57.94997530392394,ML
530,AE10,-3.874089766264886,119.38966642490848,ML
531,AE10,3.2759824572685177,130.747829429362,ML
532,AE10,1.7222407178439552,74.05449791972451,ML
533,AE10,-3.337596997965786,109.97535199602804,ML
534,AE10,-6.10425254416146,157.41645933488672,ML
535,AE10,-6.414127301782841,175.75454012421318,ML
536,AE10,3.922044188064944,162.79418374024712,ML
537,AE11,2.5303807088934374,108.20832083391764,ML
538,AE11,-2.927308387806544,155.41858859714426,ML
539,AE11,-8.074505897205883,276.836341444249,ML
540,AE11,3.048359770437993,111.96902513616102,ML
541,AE11,5.715377402886783,213.14607449852377,ML
542,AE11,6.359593123670426,171.66939311730007,ML
543,AE11,4.06631359090871,144.342669042498,ML
544,AE11,7.945038039492234,244.6590421045226,ML
545,AE11,5.288819567140975,149.42128127401054,ML
546,AE11,3.173759207353632,106.0126603406404,ML
547,AE11,6.820145205407465,182.6376706730557,ML
548,AE11,3.5020260879519425,126.57266386784497,ML
549,AE11,-5.309047022531928,207.6215164402107,ML
550,AE11,5.123290718116157,192.4747262757025,ML
551,AE11,-4.648750832240989,170.3721368148405,ML
552,AE11,-2.4246208811105827,109.75680067979329,ML
553,AE11,5.168579887835307,189.26603657237405,ML
554,AE11,-9.704869115366662,280.631648481172,ML
555,AE11,7.732612953135002,237.0595259078821,ML
556,AE11,-7.865349809166215,287.65184341477345,ML
557,AE11,-8.801706853485374,216.31501301217335,ML
558,AE11,-8.09428393609335,271.04503256225746,ML
559,AE11,2.9091174915121645,126.61238585390336,ML
560,AE11,4.90098778405541,164.47383044770248,ML
561,AE11,5.3774256044670885,155.5418043373902,ML
562,AE11,-2.8595359887889757,109.26757815918394,ML
563,AE11,-7.1802630654238335,231.72070928570875,ML
564,AE11,-9.21854143224492,300.8401445591759,ML
565,AE11,2.857417904694239,115.6002370346969,ML
566,AE11,-5.994296636860298,195.76467169992495,ML
567,AE11,-6.030835494357639,202.291763114862,ML
568,AE11,5.892713159083848,189.1229266523154,ML
569,AE11,-8.876819695644322,285.8464265959838,ML
570,AE11,2.837220681759536,109.69716499243906,ML
571,AE11,-7.8708927224979774,230.22267586962963,ML
572,AE11,5.112653426951408,178.57969517077967,ML
573,AE11,-4.599902749738673,150.88460272868176,ML
574,AE11,5.127726933412476,165.55761750138583,ML
575,AE11,-7.927683893694602,264.006872414767,ML
576,AE11,2.939338317216179,120.01088470698676,ML
577,AE11,-3.765934706772237,149.9207885865424,ML
578,AE11,7.261682799407568,250.68132358571748,ML
579,AE11,2.5332933039805696,105.08286477199492,ML
580,AE11,-5.656513283679877,185.00573112796832,ML
581,AE11,5.689462414578093,167.6588663356188,ML
582,AE11,3.00092615499383,124.36738680790188,ML
583,AE11,-8.382122809230182,231.02133532922835,ML
584,AE11,-7.623902342696597,289.1992807094324,ML
585,AE11,5.3010009191823135,172.51223559445268,ML
586,AE12,0.7718468190429544,65.26417016165982,ML
587,AE12,-1.4402584149208435,54.91155385310719,ML
588,AE12,2.840101519844298,118.20603700750011,ML
589,AE12,4.727822200734867,209.25642632148663,ML
590,AE12,3.3920674731345795,112.8683554430312,ML
591,AE12,5.815273972916099,139.3166584059464,ML
592,AE12,2.949586703437564,88.77604040612648,ML
593,AE12,4.6826125230015325,147.02090986195674,ML
594,AE12,5.288612027187774,150.98670297077808,ML
595,AE12,1.2533304570995654,92.88530815468668,ML
596,AE12,5.065064436479503,132.9075151912269,ML
597,AE12,4.774739689027227,180.05375145881118,ML
598,AE12,-3.814234602924518,207.7108487940581,ML
599,AE12,3.2449864220516904,128.96954495238666,ML
600,AE12,-1.4741867399698911,59.66202280674704,ML
601,AE12,-2.6799539637889573,126.30233060057586,ML
602,AE12,1.7670274636762198,111.23343920633616,ML
603,AE12,2.0071058777988,72.57453288165901,ML
604,AE12,-1.9011914633066969,93.06318499216466,ML
605,AE12,-4.408035017290837,119.52302940813878,ML
606,AE12,4.134300456514669,166.1811116619516,ML
607,AE12,-2.1911433368459097,85.728879885832,ML
608,AE12,-6.788550518529386,229.69908609933057,ML
609,AE12,2.8212625425198574,103.9766906365578,ML
610,AE12,3.773795351305752,172.31954461922945,ML
611,AE12,-3.583827354636167,118.93588990926288,ML
612,AE12,-3.356297397528889,130.4978093401903,ML
613,AE12,2.4073851169839173,69.66404839059193,ML
614,AE12,-7.330547455838601,156.8363009353126,ML
615,AE12,-3.939484899938172,146.84170948725614,ML
616,AE12,5.476241327124468,104.7580671406659,ML
617,AE12,-5.625351892602074,141.12354199646788,ML
618,AE12,-5.634138163702015,244.64115902473927,ML
619,AE12,5.6088359906568375,158.75911807518727,ML
620,AE12,-3.5519202873337283,127.01542202096968,ML
621,AE12,3.4951382294397035,108.64501600547896,ML
622,AE12,-6.120003793156145,156.08074490664842,ML
623,AE12,-2.604354263713182,102.47076944889253,ML
624,AE12,3.054906932755188,96.57363204225892,ML
625,AE12,-1.4378544529036077,52.76077349150928,ML
626,AE12,-0.7290002801252768,39.83000780858855,ML
627,AE12,4.980319353184765,125.7764895082704,ML
628,AE12,-2.908815100176112,87.76521756743112,ML
629,AE12,2.61760599388432,112.98566020893792,ML
630,AE12,1.9930405572730336,66.7506586196808,ML
631,AE12,-3.73597107537988,121.92820255804956,ML
632,AE12,-7.033797270571801,201.46133965669776,ML
633,AE12,-4.580720025017403,132.54223067111147,ML
634,AE12,2.7669924468147897,103.14952577948551,ML
635,AE13,1.923967082251865,88.7619532884912,ML
636,AE13,-2.1662274364197787,110.40274834791548,ML
637,AE13,-6.41084354155041,235.15901176984485,ML
638,AE13,2.2311345858306115,85.05116993408092,ML
639,AE13,6.999930500575216,223.95679600955364,ML
640,AE13,3.095161994221442,126.84024316432486,ML
641,AE13,7.476771090164174,206.75794337092543,ML
642,AE13,1.6542388726640571,83.36381860363575,ML
643,AE13,7.868402007190774,227.52925637336352,ML
644,AE13,2.2640850703084783,86.89985385500863,ML
645,AE13,7.74741989652701,226.020133770339,ML
646,AE13,6.595204601848927,218.3493728203054,ML
647,AE13,-3.77571967367935,167.4098961011619,ML
648,AE13,-5.7314178725832905,207.4001512087172,ML
649,AE13,2.934294477591707,105.61955657287204,ML
650,AE13,-2.5874367499030027,102.86907170695169,ML
651,AE13,1.4993814503697651,63.68907740006036,ML
652,AE13,4.46078944108341,168.94079232866133,ML
653,AE13,-2.6436791914244178,104.17946303542315,ML
654,AE13,-4.854871172594231,165.98206563017922,ML
655,AE13,6.894719039381084,230.20430107273395,ML
656,AE13,-6.234885523961047,189.50601199208305,ML
657,AE13,-7.2165873304142,238.9015071582618,ML
658,AE13,2.6714770096657583,95.2983511439106,ML
659,AE13,4.867354328161233,186.1021956858665,ML
660,AE13,6.732089999640359,234.55269800836703,ML
661,AE13,-2.542048767518518,93.41135766349578,ML
662,AE13,-5.273988115905819,185.7020627261473,ML
663,AE13,-8.046276252347289,290.6933871366181,ML
664,AE13,1.5336117693007627,56.95687474688221,ML
665,AE13,-7.649672214009415,251.5232941671536,ML
666,AE13,-4.860195919085776,158.4451270054648,ML
667,AE13,6.840690970689305,222.34861740313056,ML
668,AE13,-7.236601546697672,225.27842481022387,ML
669,AE13,2.2717833482865624,101.724801909245,ML
670,AE13,4.0852619075467445,135.8279195630837,ML
671,AE13,-5.583596268963693,194.440244177655,ML
672,AE13,4.081606009709415,142.06911173233047,ML
673,AE13,-2.185097352246024,83.23212295889026,ML
674,AE13,-7.802221138177482,258.02515545728176,ML
675,AE13,-4.25310334877491,164.12819340813837,ML
676,AE13,2.376466815318411,75.09357299701529,ML
677,AE13,4.605019769972851,157.77743314946383,ML
678,AE13,-1.9817210903333429,102.296526949512,ML
679,AE13,7.083036488830695,201.93986171540345,ML
680,AE13,-2.217067603391605,100.12614150496344,ML
681,AE13,-4.981817736399723,190.55194407348085,ML
682,AE13,3.109061108091139,98.98869168487046,ML
683,AE13,1.4732532027193508,99.91432524935736,ML
684,AE13,-3.905982028921213,132.72417730284138,ML
685,AE13,-6.013394089538068,186.6739861821344,ML
686,AE13,-7.618041406572571,222.78273211231425,ML
687,AE13,3.7343921482386895,129.56317051570016,ML
