subject,id,trial,stream,freq,amp,conj
1,AE01,1,eyelink,0.2,-9,-0.666876974393505
1,AE01,1,adhawk,0.2,-9,-1.11828542409383
1,AE01,1,target,0.2,-9,0
1,AE01,2,eyelink,0.1,-9,0.139050356371369
1,AE01,2,adhawk,0.1,-9,-1.32068666949787
1,AE01,2,target,0.1,-9,0
1,AE01,3,eyelink,0.1,-9,0.0951781567956436
1,AE01,3,adhawk,0.1,-9,-1.19093080458072
1,AE01,3,target,0.1,-9,0
1,AE01,4,eyelink,0.2,9,-0.212421316259456
1,AE01,4,adhawk,0.2,9,-9.07067686457895
1,AE01,4,target,0.2,9,0
1,AE01,5,eyelink,0.01,9,0.110597804520629
1,AE01,5,adhawk,0.01,9,-1.17380421680245
1,AE01,5,target,0.01,9,0
1,AE01,6,eyelink,0.1,9,0.357671898852015
1,AE01,6,adhawk,0.1,9,-5.56691536271671
1,AE01,6,target,0.1,9,0
1,AE01,7,eyelink,0.01,-9,0.132582851184832
1,AE01,7,adhawk,0.01,-9,0.0933062906200907
1,AE01,7,target,0.01,-9,0
1,AE01,8,eyelink,0.2,9,0.19612757470336
1,AE01,8,adhawk,0.2,9,-10.6817202847706
1,AE01,8,target,0.2,9,0
1,AE01,9,eyelink,0.1,9,0.114008770642951
1,AE01,9,adhawk,0.1,9,-5.07702233008506
1,AE01,9,target,0.1,9,0
1,AE01,10,eyelink,0.01,9,0.239082801946306
1,AE01,10,adhawk,0.01,9,0.358452907625201
1,AE01,10,target,0.01,9,0
1,AE01,11,eyelink,0.01,-9,0.0180200212522542
1,AE01,11,adhawk,0.01,-9,-0.618426857098949
1,AE01,11,target,0.01,-9,0
1,AE01,12,eyelink,0.2,9,-0.203308872324864
1,AE01,12,adhawk,0.2,9,-14.2159400882671
1,AE01,12,target,0.2,9,0
1,AE01,13,eyelink,0.01,9,0.22364097680682
1,AE01,13,adhawk,0.01,9,0.171172305910403
1,AE01,13,target,0.01,9,0
1,AE01,14,eyelink,0.2,-9,-0.184723006105464
1,AE01,14,adhawk,0.2,-9,-3.94394805952708
1,AE01,14,target,0.2,-9,0
1,AE01,15,eyelink,0.1,9,0.181103945417225
1,AE01,15,adhawk,0.1,9,0.314496603200221
1,AE01,15,target,0.1,9,0
1,AE01,16,eyelink,0.2,9,-0.0694778114574484
1,AE01,16,adhawk,0.2,9,6.20221052298211
1,AE01,16,target,0.2,9,0
1,AE01,17,eyelink,0.1,9,-0.202096535680686
1,AE01,17,adhawk,0.1,9,-10.9295995883614
1,AE01,17,target,0.1,9,0
1,AE01,18,eyelink,0.1,9,-0.0203412337574104
1,AE01,18,adhawk,0.1,9,1.17798702172338
1,AE01,18,target,0.1,9,0
1,AE01,19,eyelink,0.2,-9,-0.210905595688388
1,AE01,19,adhawk,0.2,-9,4.55882584027498
1,AE01,19,target,0.2,-9,0
1,AE01,20,eyelink,0.01,-9,0.0690799241146703
1,AE01,20,adhawk,0.01,-9,-0.872262394983865
1,AE01,20,target,0.01,-9,0
1,AE01,21,eyelink,0.01,-9,0.204902903777437
1,AE01,21,adhawk,0.01,-9,-0.306693918810328
1,AE01,21,target,0.01,-9,0
1,AE01,22,eyelink,0.2,-9,-0.107504851964691
1,AE01,22,adhawk,0.2,-9,-5.23434718391629
1,AE01,22,target,0.2,-9,0
1,AE01,23,eyelink,0.01,9,0.0654152160316347
1,AE01,23,adhawk,0.01,9,-0.156855574529106
1,AE01,23,target,0.01,9,0
1,AE01,24,eyelink,0.01,9,-0.057624969295532
1,AE01,24,adhawk,0.01,9,5.64997230773247
1,AE01,24,target,0.01,9,0
1,AE01,25,eyelink,0.1,-9,-0.136891356087924
1,AE01,25,adhawk,0.1,-9,1.92687291638389
1,AE01,25,target,0.1,-9,0
1,AE01,26,eyelink,0.01,-9,-0.0165106841953928
1,AE01,26,adhawk,0.01,-9,-0.904288892163479
1,AE01,26,target,0.01,-9,0
1,AE01,27,eyelink,0.2,-9,0.124318310728477
1,AE01,27,adhawk,0.2,-9,-4.64682437246445
1,AE01,27,target,0.2,-9,0
1,AE01,28,eyelink,0.1,-9,-0.360337267587114
1,AE01,28,adhawk,0.1,-9,-1.21659258478799
1,AE01,28,target,0.1,-9,0
1,AE01,29,eyelink,0.1,-9,-0.285662855130323
1,AE01,29,adhawk,0.1,-9,-1.69946249430891
1,AE01,29,target,0.1,-9,0
1,AE01,30,eyelink,0.2,9,-0.145146574201925
1,AE01,30,adhawk,0.2,9,-9.06874838229658
1,AE01,30,target,0.2,9,0
2,AE02,1,eyelink,0.2,-9,-0.421817013533583
2,AE02,1,adhawk,0.2,-9,0.704600049313628
2,AE02,1,target,0.2,-9,0
2,AE02,2,eyelink,0.1,-9,0.0711650331922885
2,AE02,2,adhawk,0.1,-9,-1.48927289070013
2,AE02,2,target,0.1,-9,0
2,AE02,3,eyelink,0.1,-9,-0.201820961195921
2,AE02,3,adhawk,0.1,-9,-0.187144655093785
2,AE02,3,target,0.1,-9,0
2,AE02,4,eyelink,0.2,9,-0.487515892489455
2,AE02,4,adhawk,0.2,9,-0.631861521034515
2,AE02,4,target,0.2,9,0
2,AE02,5,eyelink,0.01,9,0.0686731790293507
2,AE02,5,adhawk,0.01,9,1.22118447567778
2,AE02,5,target,0.01,9,0
2,AE02,6,eyelink,0.1,9,-0.479158567630789
2,AE02,6,adhawk,0.1,9,2.35491419649567
2,AE02,6,target,0.1,9,0
2,AE02,7,eyelink,0.01,-9,-0.148500383688698
2,AE02,7,adhawk,0.01,-9,0.296651880898638
2,AE02,7,target,0.01,-9,0
2,AE02,8,eyelink,0.2,9,-0.358708518773826
2,AE02,8,adhawk,0.2,9,0.817366266416709
2,AE02,8,target,0.2,9,0
2,AE02,9,eyelink,0.1,9,-0.520256706466277
2,AE02,9,adhawk,0.1,9,-0.16883236976938
2,AE02,9,target,0.1,9,0
2,AE02,10,eyelink,0.01,9,0.531593373954841
2,AE02,10,adhawk,0.01,9,0.568847988877804
2,AE02,10,target,0.01,9,0
2,AE02,11,eyelink,0.01,-9,-0.164913710347267
2,AE02,11,adhawk,0.01,-9,-0.611925156324524
2,AE02,11,target,0.01,-9,0
2,AE02,12,eyelink,0.2,9,-0.426988637021499
2,AE02,12,adhawk,0.2,9,-0.0219706957156291
2,AE02,12,target,0.2,9,0
2,AE02,13,eyelink,0.01,9,6.00514532538542
2,AE02,13,adhawk,0.01,9,-2.92376477508697
2,AE02,13,target,0.01,9,0
2,AE02,14,eyelink,0.2,-9,-0.191896955648564
2,AE02,14,adhawk,0.2,-9,0.727005963217382
2,AE02,14,target,0.2,-9,0
2,AE02,15,eyelink,0.1,9,-0.252802950323984
2,AE02,15,adhawk,0.1,9,1.43320681876958
2,AE02,15,target,0.1,9,0
2,AE02,16,eyelink,0.2,9,-0.409083817428324
2,AE02,16,adhawk,0.2,9,0.382330197137116
2,AE02,16,target,0.2,9,0
2,AE02,17,eyelink,0.1,9,-0.373498835880245
2,AE02,17,adhawk,0.1,9,1.10647070935119
2,AE02,17,target,0.1,9,0
2,AE02,18,eyelink,0.1,9,-0.190150217761139
2,AE02,18,adhawk,0.1,9,0.245861178348719
2,AE02,18,target,0.1,9,0
2,AE02,19,eyelink,0.2,-9,1.20508933406963
2,AE02,19,adhawk,0.2,-9,-4.0885629061626
2,AE02,19,target,0.2,-9,0
2,AE02,20,eyelink,0.01,-9,0.537977626934341
2,AE02,20,adhawk,0.01,-9,0.490056605556055
2,AE02,20,target,0.01,-9,0
2,AE02,21,eyelink,0.01,-9,0.20101620423415
2,AE02,21,adhawk,0.01,-9,0.425670528715471
2,AE02,21,target,0.01,-9,0
2,AE02,22,eyelink,0.2,-9,-0.156726947963929
2,AE02,22,adhawk,0.2,-9,0.381907988021893
2,AE02,22,target,0.2,-9,0
2,AE02,23,eyelink,0.01,9,-0.0170875043713051
2,AE02,23,adhawk,0.01,9,1.32711366061651
2,AE02,23,target,0.01,9,0
2,AE02,24,eyelink,0.01,9,-1.79276586057476
2,AE02,24,adhawk,0.01,9,1.84025610728589
2,AE02,24,target,0.01,9,0
2,AE02,25,eyelink,0.1,-9,2.16062069565691
2,AE02,25,adhawk,0.1,-9,-1.3606457483804
2,AE02,25,target,0.1,-9,0
2,AE02,26,eyelink,0.01,-9,-6.59889638597029
2,AE02,26,adhawk,0.01,-9,-3.01635303777243
2,AE02,26,target,0.01,-9,0
2,AE02,27,eyelink,0.2,-9,0.139461161569994
2,AE02,27,adhawk,0.2,-9,0.446257673529578
2,AE02,27,target,0.2,-9,0
2,AE02,28,eyelink,0.1,-9,-25.6062692939601
2,AE02,28,adhawk,0.1,-9,-1.42441815913047
2,AE02,28,target,0.1,-9,0
2,AE02,29,eyelink,0.1,-9,4.29546088616728
2,AE02,29,adhawk,0.1,-9,1.16272882682983
2,AE02,29,target,0.1,-9,0
2,AE02,30,eyelink,0.2,9,15.2743159575817
2,AE02,30,adhawk,0.2,9,1.77245041401667
2,AE02,30,target,0.2,9,0
3,AE03,1,eyelink,0.2,-9,-0.779983976189322
3,AE03,1,adhawk,0.2,-9,-0.10630010326462
3,AE03,1,target,0.2,-9,0
3,AE03,2,eyelink,0.1,-9,-0.362488567468961
3,AE03,2,adhawk,0.1,-9,1.29502994293457
3,AE03,2,target,0.1,-9,0
3,AE03,3,eyelink,0.1,-9,-0.280379873315462
3,AE03,3,adhawk,0.1,-9,0.522946323492017
3,AE03,3,target,0.1,-9,0
3,AE03,4,eyelink,0.2,9,-0.0951783422756114
3,AE03,4,adhawk,0.2,9,-0.576118778051439
3,AE03,4,target,0.2,9,0
3,AE03,5,eyelink,0.01,9,-0.128218788250442
3,AE03,5,adhawk,0.01,9,-0.687480688843204
3,AE03,5,target,0.01,9,0
3,AE03,6,eyelink,0.1,9,0.902247008107795
3,AE03,6,adhawk,0.1,9,0.38405788353578
3,AE03,6,target,0.1,9,0
3,AE03,7,eyelink,0.01,-9,-0.0779418749792595
3,AE03,7,adhawk,0.01,-9,0.740029764863973
3,AE03,7,target,0.01,-9,0
3,AE03,8,eyelink,0.2,9,0.495227729029487
3,AE03,8,adhawk,0.2,9,0.884604454962727
3,AE03,8,target,0.2,9,0
3,AE03,9,eyelink,0.1,9,0.000817546243531159
3,AE03,9,adhawk,0.1,9,0.852729581635578
3,AE03,9,target,0.1,9,0
3,AE03,10,eyelink,0.01,9,-0.137775088029729
3,AE03,10,adhawk,0.01,9,-0.834748077204942
3,AE03,10,target,0.01,9,0
3,AE03,11,eyelink,0.01,-9,0.18282982889209
3,AE03,11,adhawk,0.01,-9,8.93524648029047
3,AE03,11,target,0.01,-9,0
3,AE03,12,eyelink,0.2,9,-0.33756555215785
3,AE03,12,adhawk,0.2,9,-3.53810463212495
3,AE03,12,target,0.2,9,0
3,AE03,13,eyelink,0.01,9,0.153135465264122
3,AE03,13,adhawk,0.01,9,0.204112166910998
3,AE03,13,target,0.01,9,0
3,AE03,14,eyelink,0.2,-9,-0.0853408929096058
3,AE03,14,adhawk,0.2,-9,-0.415971661666459
3,AE03,14,target,0.2,-9,0
3,AE03,15,eyelink,0.1,9,0.205771395480798
3,AE03,15,adhawk,0.1,9,-0.094750729256113
3,AE03,15,target,0.1,9,0
3,AE03,16,eyelink,0.2,9,-0.106804854059092
3,AE03,16,adhawk,0.2,9,-1.21694035001596
3,AE03,16,target,0.2,9,0
3,AE03,17,eyelink,0.1,9,0.208253250754154
3,AE03,17,adhawk,0.1,9,0.675479574434262
3,AE03,17,target,0.1,9,0
3,AE03,18,eyelink,0.1,9,0.416594705175141
3,AE03,18,adhawk,0.1,9,-0.71495564616026
3,AE03,18,target,0.1,9,0
3,AE03,19,eyelink,0.2,-9,-0.0672529195621601
3,AE03,19,adhawk,0.2,-9,-0.58354431210872
3,AE03,19,target,0.2,-9,0
3,AE03,20,eyelink,0.01,-9,0.0171904704222158
3,AE03,20,adhawk,0.01,-9,-0.185528186883791
3,AE03,20,target,0.01,-9,0
3,AE03,21,eyelink,0.01,-9,-0.187443915624342
3,AE03,21,adhawk,0.01,-9,-0.00835239106566481
3,AE03,21,target,0.01,-9,0
3,AE03,22,eyelink,0.2,-9,-0.302275716313769
3,AE03,22,adhawk,0.2,-9,-0.561934328675252
3,AE03,22,target,0.2,-9,0
3,AE03,23,eyelink,0.01,9,0.116808637526475
3,AE03,23,adhawk,0.01,9,-0.0491621558308982
3,AE03,23,target,0.01,9,0
3,AE03,24,eyelink,0.01,9,0.214477607810999
3,AE03,24,adhawk,0.01,9,0.315595595002887
3,AE03,24,target,0.01,9,0
3,AE03,25,eyelink,0.1,-9,-0.185397090995917
3,AE03,25,adhawk,0.1,-9,0.320072241631602
3,AE03,25,target,0.1,-9,0
3,AE03,26,eyelink,0.01,-9,0.28459176965835
3,AE03,26,adhawk,0.01,-9,0.774591846185198
3,AE03,26,target,0.01,-9,0
3,AE03,27,eyelink,0.2,-9,0.0316532977718829
3,AE03,27,adhawk,0.2,-9,-0.147734011971328
3,AE03,27,target,0.2,-9,0
3,AE03,28,eyelink,0.1,-9,-0.440577179791344
3,AE03,28,adhawk,0.1,-9,0.0582253574251316
3,AE03,28,target,0.1,-9,0
3,AE03,29,eyelink,0.1,-9,-0.405335625618941
3,AE03,29,adhawk,0.1,-9,-1.02306139246909
3,AE03,29,target,0.1,-9,0
3,AE03,30,eyelink,0.2,9,0.025733226179948
3,AE03,30,adhawk,0.2,9,0.469621495997832
3,AE03,30,target,0.2,9,0
4,AE04,1,eyelink,0.2,-9,0.201611922436373
4,AE04,1,adhawk,0.2,-9,-0.691508655112741
4,AE04,1,target,0.2,-9,0
4,AE04,2,eyelink,0.1,-9,0.129767344779313
4,AE04,2,adhawk,0.1,-9,1.36370106718294
4,AE04,2,target,0.1,-9,0
4,AE04,3,eyelink,0.1,-9,-0.169102326680559
4,AE04,3,adhawk,0.1,-9,-0.0274311110149868
4,AE04,3,target,0.1,-9,0
4,AE04,4,eyelink,0.2,9,0.23118231071366
4,AE04,4,adhawk,0.2,9,0.0427774415059277
4,AE04,4,target,0.2,9,0
4,AE04,5,eyelink,0.01,9,-0.232402970354448
4,AE04,5,adhawk,0.01,9,1.07623115676151
4,AE04,5,target,0.01,9,0
4,AE04,6,eyelink,0.1,9,-0.0449446067404937
4,AE04,6,adhawk,0.1,9,-0.383870395192981
4,AE04,6,target,0.1,9,0
4,AE04,7,eyelink,0.01,-9,0.0869981810299887
4,AE04,7,adhawk,0.01,-9,-0.249000177318422
4,AE04,7,target,0.01,-9,0
4,AE04,8,eyelink,0.2,9,0.0576312512414105
4,AE04,8,adhawk,0.2,9,-0.0698946103496766
4,AE04,8,target,0.2,9,0
4,AE04,9,eyelink,0.1,9,0.352212406813926
4,AE04,9,adhawk,0.1,9,-0.218146806398832
4,AE04,9,target,0.1,9,0
4,AE04,10,eyelink,0.01,9,-0.0448157972644271
4,AE04,10,adhawk,0.01,9,0.363492816912553
4,AE04,10,target,0.01,9,0
4,AE04,11,eyelink,0.01,-9,-0.0495517206552418
4,AE04,11,adhawk,0.01,-9,0.246722341168316
4,AE04,11,target,0.01,-9,0
4,AE04,12,eyelink,0.2,9,0.165574251974882
4,AE04,12,adhawk,0.2,9,-0.120173033968988
4,AE04,12,target,0.2,9,0
4,AE04,13,eyelink,0.01,9,0.228750082461934
4,AE04,13,adhawk,0.01,9,0.2294560990838
4,AE04,13,target,0.01,9,0
4,AE04,14,eyelink,0.2,-9,0.0469262845223648
4,AE04,14,adhawk,0.2,-9,-0.486724618143725
4,AE04,14,target,0.2,-9,0
4,AE04,15,eyelink,0.1,9,0.118576285898946
4,AE04,15,adhawk,0.1,9,-0.63171141650818
4,AE04,15,target,0.1,9,0
4,AE04,16,eyelink,0.2,9,0.129311724124218
4,AE04,16,adhawk,0.2,9,-0.433924289163989
4,AE04,16,target,0.2,9,0
4,AE04,17,eyelink,0.1,9,0.266272928953419
4,AE04,17,adhawk,0.1,9,0.0357104764680623
4,AE04,17,target,0.1,9,0
4,AE04,18,eyelink,0.1,9,0.276836529527682
4,AE04,18,adhawk,0.1,9,-1.21829643563219
4,AE04,18,target,0.1,9,0
4,AE04,19,eyelink,0.2,-9,0.0845266628103699
4,AE04,19,adhawk,0.2,-9,-0.131877096246476
4,AE04,19,target,0.2,-9,0
4,AE04,20,eyelink,0.01,-9,0.0683492426713801
4,AE04,20,adhawk,0.01,-9,0.403991615206755
4,AE04,20,target,0.01,-9,0
4,AE04,21,eyelink,0.01,-9,0.042894212386561
4,AE04,21,adhawk,0.01,-9,-0.195525234716476
4,AE04,21,target,0.01,-9,0
4,AE04,22,eyelink,0.2,-9,-0.0132311650226265
4,AE04,22,adhawk,0.2,-9,-0.606613721508635
4,AE04,22,target,0.2,-9,0
4,AE04,23,eyelink,0.01,9,0.0111320313666382
4,AE04,23,adhawk,0.01,9,0.328249055242543
4,AE04,23,target,0.01,9,0
4,AE04,24,eyelink,0.01,9,0.109043043017828
4,AE04,24,adhawk,0.01,9,0.230132783557065
4,AE04,24,target,0.01,9,0
4,AE04,25,eyelink,0.1,-9,0.0651646772908371
4,AE04,25,adhawk,0.1,-9,-0.222688343550959
4,AE04,25,target,0.1,-9,0
4,AE04,26,eyelink,0.01,-9,0.00252442502612421
4,AE04,26,adhawk,0.01,-9,0.22520369533738
4,AE04,26,target,0.01,-9,0
4,AE04,27,eyelink,0.2,-9,0.205991595705195
4,AE04,27,adhawk,0.2,-9,0.19379533500911
4,AE04,27,target,0.2,-9,0
4,AE04,28,eyelink,0.1,-9,0.025274760737654
4,AE04,28,adhawk,0.1,-9,-0.602515179202781
4,AE04,28,target,0.1,-9,0
4,AE04,29,eyelink,0.1,-9,0.0895374617859161
4,AE04,29,adhawk,0.1,-9,-0.338936214596636
4,AE04,29,target,0.1,-9,0
4,AE04,30,eyelink,0.2,9,0.267855651962222
4,AE04,30,adhawk,0.2,9,-0.71587681638116
4,AE04,30,target,0.2,9,0
5,AE05,1,eyelink,0.2,-9,-0.162122226138769
5,AE05,1,adhawk,0.2,-9,-0.0103885331397758
5,AE05,1,target,0.2,-9,0
5,AE05,2,eyelink,0.1,-9,-0.0601796636641993
5,AE05,2,adhawk,0.1,-9,0.459522758747022
5,AE05,2,target,0.1,-9,0
5,AE05,3,eyelink,0.1,-9,-0.154736498884865
5,AE05,3,adhawk,0.1,-9,0.697406584355572
5,AE05,3,target,0.1,-9,0
5,AE05,4,eyelink,0.2,9,-0.0118561945149636
5,AE05,4,adhawk,0.2,9,0.186608371473325
5,AE05,4,target,0.2,9,0
5,AE05,5,eyelink,0.01,9,0.0184194867007299
5,AE05,5,adhawk,0.01,9,0.268774303288787
5,AE05,5,target,0.01,9,0
5,AE05,6,eyelink,0.1,9,-0.125358462982271
5,AE05,6,adhawk,0.1,9,-0.000965355018962413
5,AE05,6,target,0.1,9,0
5,AE05,7,eyelink,0.01,-9,-0.0387650414147371
5,AE05,7,adhawk,0.01,-9,0.371673947286598
5,AE05,7,target,0.01,-9,0
5,AE05,8,eyelink,0.2,9,-0.159787097932454
5,AE05,8,adhawk,0.2,9,0.458420063527901
5,AE05,8,target,0.2,9,0
5,AE05,9,eyelink,0.1,9,-0.0577986672748706
5,AE05,9,adhawk,0.1,9,-0.209527143788793
5,AE05,9,target,0.1,9,0
5,AE05,10,eyelink,0.01,9,-0.0378579877544475
5,AE05,10,adhawk,0.01,9,0.622566931858353
5,AE05,10,target,0.01,9,0
5,AE05,11,eyelink,0.01,-9,0.0592902572498342
5,AE05,11,adhawk,0.01,-9,0.0970655073703449
5,AE05,11,target,0.01,-9,0
5,AE05,12,eyelink,0.2,9,0.0469769233621956
5,AE05,12,adhawk,0.2,9,0.861124259208646
5,AE05,12,target,0.2,9,0
5,AE05,13,eyelink,0.01,9,-0.0243021599217043
5,AE05,13,adhawk,0.01,9,-0.718532957506969
5,AE05,13,target,0.01,9,0
5,AE05,14,eyelink,0.2,-9,0.313704335320831
5,AE05,14,adhawk,0.2,-9,0.331552647177229
5,AE05,14,target,0.2,-9,0
5,AE05,15,eyelink,0.1,9,-0.171930537125624
5,AE05,15,adhawk,0.1,9,0.323042783237333
5,AE05,15,target,0.1,9,0
5,AE05,16,eyelink,0.2,9,-0.10374952772395
5,AE05,16,adhawk,0.2,9,-0.00235577208293454
5,AE05,16,target,0.2,9,0
5,AE05,17,eyelink,0.1,9,0.307082029354683
5,AE05,17,adhawk,0.1,9,0.461532869880827
5,AE05,17,target,0.1,9,0
5,AE05,18,eyelink,0.1,9,-0.0220903472507617
5,AE05,18,adhawk,0.1,9,-0.194165010148084
5,AE05,18,target,0.1,9,0
5,AE05,19,eyelink,0.2,-9,0.0538464913688224
5,AE05,19,adhawk,0.2,-9,-0.479770982999659
5,AE05,19,target,0.2,-9,0
5,AE05,20,eyelink,0.01,-9,-0.229184853021907
5,AE05,20,adhawk,0.01,-9,-0.0499338723805014
5,AE05,20,target,0.01,-9,0
5,AE05,21,eyelink,0.01,-9,-0.196619675957397
5,AE05,21,adhawk,0.01,-9,0.186295335458714
5,AE05,21,target,0.01,-9,0
5,AE05,22,eyelink,0.2,-9,0.109277725961023
5,AE05,22,adhawk,0.2,-9,0.835459632093597
5,AE05,22,target,0.2,-9,0
5,AE05,23,eyelink,0.01,9,0.0718041451221153
5,AE05,23,adhawk,0.01,9,0.362502497494009
5,AE05,23,target,0.01,9,0
5,AE05,24,eyelink,0.01,9,-0.0535010193346071
5,AE05,24,adhawk,0.01,9,0.597516770467011
5,AE05,24,target,0.01,9,0
5,AE05,25,eyelink,0.1,-9,0.179629308916105
5,AE05,25,adhawk,0.1,-9,0.281554299999173
5,AE05,25,target,0.1,-9,0
5,AE05,26,eyelink,0.01,-9,0.153002376989967
5,AE05,26,adhawk,0.01,-9,0.962470496652326
5,AE05,26,target,0.01,-9,0
5,AE05,27,eyelink,0.2,-9,-0.116973427490779
5,AE05,27,adhawk,0.2,-9,-0.579686655800296
5,AE05,27,target,0.2,-9,0
5,AE05,28,eyelink,0.1,-9,0.00347041954783003
5,AE05,28,adhawk,0.1,-9,1.179673940302
5,AE05,28,target,0.1,-9,0
5,AE05,29,eyelink,0.1,-9,0.0127884456270408
5,AE05,29,adhawk,0.1,-9,0.515456311112229
5,AE05,29,target,0.1,-9,0
5,AE05,30,eyelink,0.2,9,-0.0417470064147894
5,AE05,30,adhawk,0.2,9,1.53034067810773
5,AE05,30,target,0.2,9,0
6,AE06,1,eyelink,0.2,-9,0.198402674368089
6,AE06,1,adhawk,0.2,-9,-0.626949710156511
6,AE06,1,target,0.2,-9,0
6,AE06,2,eyelink,0.1,-9,0.384292501608605
6,AE06,2,adhawk,0.1,-9,-1.0684019747097
6,AE06,2,target,0.1,-9,0
6,AE06,3,eyelink,0.1,-9,0.305857257624993
6,AE06,3,adhawk,0.1,-9,-0.53052360714114
6,AE06,3,target,0.1,-9,0
6,AE06,4,eyelink,0.2,9,0.308540378514247
6,AE06,4,adhawk,0.2,9,-0.403551936386137
6,AE06,4,target,0.2,9,0
6,AE06,5,eyelink,0.01,9,0.0528177342711531
6,AE06,5,adhawk,0.01,9,-1.27534721644819
6,AE06,5,target,0.01,9,0
6,AE06,6,eyelink,0.1,9,0.420213387606132
6,AE06,6,adhawk,0.1,9,-0.661091226117318
6,AE06,6,target,0.1,9,0
6,AE06,7,eyelink,0.01,-9,0.0619849033820506
6,AE06,7,adhawk,0.01,-9,-0.670653768467322
6,AE06,7,target,0.01,-9,0
6,AE06,8,eyelink,0.2,9,0.590850957861543
6,AE06,8,adhawk,0.2,9,-0.630753277928785
6,AE06,8,target,0.2,9,0
6,AE06,9,eyelink,0.1,9,0.2551155579771
6,AE06,9,adhawk,0.1,9,-0.930926203639133
6,AE06,9,target,0.1,9,0
6,AE06,10,eyelink,0.01,9,0.437146487777934
6,AE06,10,adhawk,0.01,9,-0.890031739346191
6,AE06,10,target,0.01,9,0
6,AE06,11,eyelink,0.01,-9,0.514845701857026
6,AE06,11,adhawk,0.01,-9,0.000216567867195146
6,AE06,11,target,0.01,-9,0
6,AE06,12,eyelink,0.2,9,0.292939215570163
6,AE06,12,adhawk,0.2,9,-2.22303799578926
6,AE06,12,target,0.2,9,0
6,AE06,13,eyelink,0.01,9,0.0503861854715632
6,AE06,13,adhawk,0.01,9,-1.67000620051374
6,AE06,13,target,0.01,9,0
6,AE06,14,eyelink,0.2,-9,0.502714357842697
6,AE06,14,adhawk,0.2,-9,-0.907220077658159
6,AE06,14,target,0.2,-9,0
6,AE06,15,eyelink,0.1,9,0.0316910022603614
6,AE06,15,adhawk,0.1,9,-0.852687794923198
6,AE06,15,target,0.1,9,0
6,AE06,16,eyelink,0.2,9,0.421213126563019
6,AE06,16,adhawk,0.2,9,-0.187181921381313
6,AE06,16,target,0.2,9,0
6,AE06,17,eyelink,0.1,9,0.438040133844842
6,AE06,17,adhawk,0.1,9,-0.408935540550138
6,AE06,17,target,0.1,9,0
6,AE06,18,eyelink,0.1,9,0.133920421307101
6,AE06,18,adhawk,0.1,9,-0.950823722114096
6,AE06,18,target,0.1,9,0
6,AE06,19,eyelink,0.2,-9,0.890568290805082
6,AE06,19,adhawk,0.2,-9,0.0724974620287675
6,AE06,19,target,0.2,-9,0
6,AE06,20,eyelink,0.01,-9,0.617292719283903
6,AE06,20,adhawk,0.01,-9,-0.964899166775602
6,AE06,20,target,0.01,-9,0
6,AE06,21,eyelink,0.01,-9,0.615609041566612
6,AE06,21,adhawk,0.01,-9,-0.122820435014141
6,AE06,21,target,0.01,-9,0
6,AE06,22,eyelink,0.2,-9,0.20370216131673
6,AE06,22,adhawk,0.2,-9,-0.355414334623597
6,AE06,22,target,0.2,-9,0
6,AE06,23,eyelink,0.01,9,0.832473834959365
6,AE06,23,adhawk,0.01,9,0.407917794074475
6,AE06,23,target,0.01,9,0
6,AE06,24,eyelink,0.01,9,13.4254905973134
6,AE06,24,adhawk,0.01,9,0.143323716266411
6,AE06,24,target,0.01,9,0
6,AE06,25,eyelink,0.1,-9,1.06296555401084
6,AE06,25,adhawk,0.1,-9,0.520809172687346
6,AE06,25,target,0.1,-9,0
6,AE06,26,eyelink,0.01,-9,0.172243807956377
6,AE06,26,adhawk,0.01,-9,-0.796069498981078
6,AE06,26,target,0.01,-9,0
6,AE06,27,eyelink,0.2,-9,0.628070775041547
6,AE06,27,adhawk,0.2,-9,-1.10912289164281
6,AE06,27,target,0.2,-9,0
6,AE06,28,eyelink,0.1,-9,0.286595389000061
6,AE06,28,adhawk,0.1,-9,NaN
6,AE06,28,target,0.1,-9,0
6,AE06,29,eyelink,0.1,-9,-0.174636235836896
6,AE06,29,adhawk,0.1,-9,NaN
6,AE06,29,target,0.1,-9,0
6,AE06,30,eyelink,0.2,9,0.10171911164463
6,AE06,30,adhawk,0.2,9,17.4968905631017
6,AE06,30,target,0.2,9,0
7,AE07,1,eyelink,0.2,-9,-0.397463242262896
7,AE07,1,adhawk,0.2,-9,-0.501299246654545
7,AE07,1,target,0.2,-9,0
7,AE07,2,eyelink,0.1,-9,0.262614805856575
7,AE07,2,adhawk,0.1,-9,0.778817464353102
7,AE07,2,target,0.1,-9,0
7,AE07,3,eyelink,0.1,-9,0.150459202564249
7,AE07,3,adhawk,0.1,-9,-0.166619321376268
7,AE07,3,target,0.1,-9,0
7,AE07,4,eyelink,0.2,9,-0.101520554486538
7,AE07,4,adhawk,0.2,9,-0.394593625904779
7,AE07,4,target,0.2,9,0
7,AE07,5,eyelink,0.01,9,-0.129554152761079
7,AE07,5,adhawk,0.01,9,-0.653437923570313
7,AE07,5,target,0.01,9,0
7,AE07,6,eyelink,0.1,9,-0.284976435602216
7,AE07,6,adhawk,0.1,9,-0.753673776084552
7,AE07,6,target,0.1,9,0
7,AE07,7,eyelink,0.01,-9,-0.171657026849832
7,AE07,7,adhawk,0.01,-9,-0.00675387394444639
7,AE07,7,target,0.01,-9,0
7,AE07,8,eyelink,0.2,9,-0.0738139612273909
7,AE07,8,adhawk,0.2,9,0.413103638592421
7,AE07,8,target,0.2,9,0
7,AE07,9,eyelink,0.1,9,-0.320550674622057
7,AE07,9,adhawk,0.1,9,-0.311474798268744
7,AE07,9,target,0.1,9,0
7,AE07,10,eyelink,0.01,9,-0.373992591508097
7,AE07,10,adhawk,0.01,9,0.551230957996378
7,AE07,10,target,0.01,9,0
7,AE07,11,eyelink,0.01,-9,-0.0823405881794666
7,AE07,11,adhawk,0.01,-9,-0.677070731791148
7,AE07,11,target,0.01,-9,0
7,AE07,12,eyelink,0.2,9,-0.403893171775009
7,AE07,12,adhawk,0.2,9,0.2795693571964
7,AE07,12,target,0.2,9,0
7,AE07,13,eyelink,0.01,9,0.077303387830482
7,AE07,13,adhawk,0.01,9,-0.448894894808293
7,AE07,13,target,0.01,9,0
7,AE07,14,eyelink,0.2,-9,0.0624279732075717
7,AE07,14,adhawk,0.2,-9,-0.131020770280194
7,AE07,14,target,0.2,-9,0
7,AE07,15,eyelink,0.1,9,-0.0635660478540137
7,AE07,15,adhawk,0.1,9,-0.418736697981869
7,AE07,15,target,0.1,9,0
7,AE07,16,eyelink,0.2,9,-0.202770426748112
7,AE07,16,adhawk,0.2,9,-0.49931569609848
7,AE07,16,target,0.2,9,0
7,AE07,17,eyelink,0.1,9,-0.150675674466674
7,AE07,17,adhawk,0.1,9,-0.733419615416173
7,AE07,17,target,0.1,9,0
7,AE07,18,eyelink,0.1,9,-0.146918382031144
7,AE07,18,adhawk,0.1,9,-0.871092832011576
7,AE07,18,target,0.1,9,0
7,AE07,19,eyelink,0.2,-9,-0.138738211975224
7,AE07,19,adhawk,0.2,-9,1.9630947463801
7,AE07,19,target,0.2,-9,0
7,AE07,20,eyelink,0.01,-9,-0.0613925657059647
7,AE07,20,adhawk,0.01,-9,0.654721935921607
7,AE07,20,target,0.01,-9,0
7,AE07,21,eyelink,0.01,-9,-0.381970315101147
7,AE07,21,adhawk,0.01,-9,0.831798130172516
7,AE07,21,target,0.01,-9,0
7,AE07,22,eyelink,0.2,-9,-0.241369950334632
7,AE07,22,adhawk,0.2,-9,-0.659208608444545
7,AE07,22,target,0.2,-9,0
7,AE07,23,eyelink,0.01,9,-0.180729893762765
7,AE07,23,adhawk,0.01,9,-0.839765288616185
7,AE07,23,target,0.01,9,0
7,AE07,24,eyelink,0.01,9,-0.0558942046968123
7,AE07,24,adhawk,0.01,9,-0.599324434028357
7,AE07,24,target,0.01,9,0
7,AE07,25,eyelink,0.1,-9,0.244914590629705
7,AE07,25,adhawk,0.1,-9,0.567320759147348
7,AE07,25,target,0.1,-9,0
7,AE07,26,eyelink,0.01,-9,-0.291234290549457
7,AE07,26,adhawk,0.01,-9,0.0524214242883299
7,AE07,26,target,0.01,-9,0
7,AE07,27,eyelink,0.2,-9,-0.0902956236910945
7,AE07,27,adhawk,0.2,-9,-1.19412345484178
7,AE07,27,target,0.2,-9,0
7,AE07,28,eyelink,0.1,-9,0.295192327529486
7,AE07,28,adhawk,0.1,-9,0.979045149941287
7,AE07,28,target,0.1,-9,0
7,AE07,29,eyelink,0.1,-9,-0.0806367955372992
7,AE07,29,adhawk,0.1,-9,0.203731611288309
7,AE07,29,target,0.1,-9,0
7,AE07,30,eyelink,0.2,9,-0.245392358537612
7,AE07,30,adhawk,0.2,9,0.365012407155474
7,AE07,30,target,0.2,9,0
8,AE08,1,eyelink,0.2,-9,0.316492896694066
8,AE08,1,adhawk,0.2,-9,0.947793956286271
8,AE08,1,target,0.2,-9,0
8,AE08,2,eyelink,0.1,-9,-0.0295835512651491
8,AE08,2,adhawk,0.1,-9,0.188241863331485
8,AE08,2,target,0.1,-9,0
8,AE08,3,eyelink,0.1,-9,0.0696679986501396
8,AE08,3,adhawk,0.1,-9,0.738628521253287
8,AE08,3,target,0.1,-9,0
8,AE08,4,eyelink,0.2,9,-0.0698369643384906
8,AE08,4,adhawk,0.2,9,-0.0393789390461068
8,AE08,4,target,0.2,9,0
8,AE08,5,eyelink,0.01,9,-0.102750222186727
8,AE08,5,adhawk,0.01,9,-0.479797824605014
8,AE08,5,target,0.01,9,0
8,AE08,6,eyelink,0.1,9,-0.1018032287236
8,AE08,6,adhawk,0.1,9,-0.311952056816096
8,AE08,6,target,0.1,9,0
8,AE08,7,eyelink,0.01,-9,-0.0287195761181587
8,AE08,7,adhawk,0.01,-9,0.46859535439052
8,AE08,7,target,0.01,-9,0
8,AE08,8,eyelink,0.2,9,-0.586073317494928
8,AE08,8,adhawk,0.2,9,-1.28996052351138
8,AE08,8,target,0.2,9,0
8,AE08,9,eyelink,0.1,9,0.160117365922438
8,AE08,9,adhawk,0.1,9,-0.462025946105275
8,AE08,9,target,0.1,9,0
8,AE08,10,eyelink,0.01,9,0.060475500145715
8,AE08,10,adhawk,0.01,9,0.0385437591943461
8,AE08,10,target,0.01,9,0
8,AE08,11,eyelink,0.01,-9,0.142379623258907
8,AE08,11,adhawk,0.01,-9,1.04899404100989
8,AE08,11,target,0.01,-9,0
8,AE08,12,eyelink,0.2,9,-0.120595226433013
8,AE08,12,adhawk,0.2,9,0.37202183004394
8,AE08,12,target,0.2,9,0
8,AE08,13,eyelink,0.01,9,0.240673916118516
8,AE08,13,adhawk,0.01,9,0.0146520743505094
8,AE08,13,target,0.01,9,0
8,AE08,14,eyelink,0.2,-9,-0.0112501802917186
8,AE08,14,adhawk,0.2,-9,1.11029487600198
8,AE08,14,target,0.2,-9,0
8,AE08,15,eyelink,0.1,9,-0.00490602039901753
8,AE08,15,adhawk,0.1,9,-0.577217698979448
8,AE08,15,target,0.1,9,0
8,AE08,16,eyelink,0.2,9,-0.291300609533014
8,AE08,16,adhawk,0.2,9,-0.878108480211245
8,AE08,16,target,0.2,9,0
8,AE08,17,eyelink,0.1,9,-0.0553136378783336
8,AE08,17,adhawk,0.1,9,-0.0590023718680539
8,AE08,17,target,0.1,9,0
8,AE08,18,eyelink,0.1,9,0.0454816075466503
8,AE08,18,adhawk,0.1,9,-0.643987697888497
8,AE08,18,target,0.1,9,0
8,AE08,19,eyelink,0.2,-9,-0.2363365441907
8,AE08,19,adhawk,0.2,-9,-0.221405928262926
8,AE08,19,target,0.2,-9,0
8,AE08,20,eyelink,0.01,-9,-0.198111337229528
8,AE08,20,adhawk,0.01,-9,-0.581734648093633
8,AE08,20,target,0.01,-9,0
8,AE08,21,eyelink,0.01,-9,0.333135603418858
8,AE08,21,adhawk,0.01,-9,0.417932751357018
8,AE08,21,target,0.01,-9,0
8,AE08,22,eyelink,0.2,-9,-0.455019657695859
8,AE08,22,adhawk,0.2,-9,0.407951674612572
8,AE08,22,target,0.2,-9,0
8,AE08,23,eyelink,0.01,9,0.00729019913946805
8,AE08,23,adhawk,0.01,9,0.124086762704143
8,AE08,23,target,0.01,9,0
8,AE08,24,eyelink,0.01,9,0.00902520381449301
8,AE08,24,adhawk,0.01,9,0.194859883072449
8,AE08,24,target,0.01,9,0
8,AE08,25,eyelink,0.1,-9,-0.101900085461752
8,AE08,25,adhawk,0.1,-9,0.53277265879114
8,AE08,25,target,0.1,-9,0
8,AE08,26,eyelink,0.01,-9,-0.0838772130332091
8,AE08,26,adhawk,0.01,-9,-0.844799236728895
8,AE08,26,target,0.01,-9,0
8,AE08,27,eyelink,0.2,-9,-0.194923144706958
8,AE08,27,adhawk,0.2,-9,-0.218610391810934
8,AE08,27,target,0.2,-9,0
8,AE08,28,eyelink,0.1,-9,-0.241493163847157
8,AE08,28,adhawk,0.1,-9,0.406525107252189
8,AE08,28,target,0.1,-9,0
8,AE08,29,eyelink,0.1,-9,-0.033400550392071
8,AE08,29,adhawk,0.1,-9,0.334076653190497
8,AE08,29,target,0.1,-9,0
8,AE08,30,eyelink,0.2,9,-0.440021900567913
8,AE08,30,adhawk,0.2,9,-1.05391709232887
8,AE08,30,target,0.2,9,0
9,AE09,1,eyelink,0.2,-9,-0.786248988838273
9,AE09,1,adhawk,0.2,-9,-1.16393232822405
9,AE09,1,target,0.2,-9,0
9,AE09,2,eyelink,0.1,-9,-0.484155681625513
9,AE09,2,adhawk,0.1,-9,-0.59288423662961
9,AE09,2,target,0.1,-9,0
9,AE09,3,eyelink,0.1,-9,-0.193650002850636
9,AE09,3,adhawk,0.1,-9,0.0803457230031464
9,AE09,3,target,0.1,-9,0
9,AE09,4,eyelink,0.2,9,-0.280502415318127
9,AE09,4,adhawk,0.2,9,-0.886622894050255
9,AE09,4,target,0.2,9,0
9,AE09,5,eyelink,0.01,9,-0.259485197390835
9,AE09,5,adhawk,0.01,9,-1.77974175612691
9,AE09,5,target,0.01,9,0
9,AE09,6,eyelink,0.1,9,0.135700555712801
9,AE09,6,adhawk,0.1,9,0.273020275242156
9,AE09,6,target,0.1,9,0
9,AE09,7,eyelink,0.01,-9,-0.650654476485289
9,AE09,7,adhawk,0.01,-9,-2.99039433527476
9,AE09,7,target,0.01,-9,0
9,AE09,8,eyelink,0.2,9,-0.226992767407185
9,AE09,8,adhawk,0.2,9,-1.61838896952887
9,AE09,8,target,0.2,9,0
9,AE09,9,eyelink,0.1,9,-0.0668329899542109
9,AE09,9,adhawk,0.1,9,0.141047166615012
9,AE09,9,target,0.1,9,0
9,AE09,10,eyelink,0.01,9,0.428501068700074
9,AE09,10,adhawk,0.01,9,0.19058872311743
9,AE09,10,target,0.01,9,0
9,AE09,11,eyelink,0.01,-9,0.0536886720632911
9,AE09,11,adhawk,0.01,-9,-0.656996151310631
9,AE09,11,target,0.01,-9,0
9,AE09,12,eyelink,0.2,9,-0.220288666260054
9,AE09,12,adhawk,0.2,9,-0.384494745238676
9,AE09,12,target,0.2,9,0
9,AE09,13,eyelink,0.01,9,0.270160607326522
9,AE09,13,adhawk,0.01,9,1.66179015309573
9,AE09,13,target,0.01,9,0
9,AE09,14,eyelink,0.2,-9,-0.104769124778935
9,AE09,14,adhawk,0.2,-9,-0.0278331328469264
9,AE09,14,target,0.2,-9,0
9,AE09,15,eyelink,0.1,9,0.545204346703598
9,AE09,15,adhawk,0.1,9,-0.224004196532957
9,AE09,15,target,0.1,9,0
9,AE09,16,eyelink,0.2,9,0.250751252742269
9,AE09,16,adhawk,0.2,9,-1.02525207389273
9,AE09,16,target,0.2,9,0
9,AE09,17,eyelink,0.1,9,0.118329273125746
9,AE09,17,adhawk,0.1,9,0.601446681856638
9,AE09,17,target,0.1,9,0
9,AE09,18,eyelink,0.1,9,0.234817944703743
9,AE09,18,adhawk,0.1,9,-0.0663865780822302
9,AE09,18,target,0.1,9,0
9,AE09,19,eyelink,0.2,-9,0.126737739576564
9,AE09,19,adhawk,0.2,-9,0.675754606785293
9,AE09,19,target,0.2,-9,0
9,AE09,20,eyelink,0.01,-9,0.382643330439871
9,AE09,20,adhawk,0.01,-9,-1.86188899770853
9,AE09,20,target,0.01,-9,0
9,AE09,21,eyelink,0.01,-9,0.109048104847961
9,AE09,21,adhawk,0.01,-9,1.64177803294166
9,AE09,21,target,0.01,-9,0
9,AE09,22,eyelink,0.2,-9,0.289141261641295
9,AE09,22,adhawk,0.2,-9,-0.117243627947478
9,AE09,22,target,0.2,-9,0
9,AE09,23,eyelink,0.01,9,0.393800391815212
9,AE09,23,adhawk,0.01,9,0.381162018444359
9,AE09,23,target,0.01,9,0
9,AE09,24,eyelink,0.01,9,0.392069755183482
9,AE09,24,adhawk,0.01,9,0.710525492131908
9,AE09,24,target,0.01,9,0
9,AE09,25,eyelink,0.1,-9,-0.196793447524128
9,AE09,25,adhawk,0.1,-9,0.139261293229408
9,AE09,25,target,0.1,-9,0
9,AE09,26,eyelink,0.01,-9,-0.0652149117729309
9,AE09,26,adhawk,0.01,-9,0.763980812888147
9,AE09,26,target,0.01,-9,0
9,AE09,27,eyelink,0.2,-9,0.49978026893708
9,AE09,27,adhawk,0.2,-9,1.12584285262679
9,AE09,27,target,0.2,-9,0
9,AE09,28,eyelink,0.1,-9,0.095326980789556
9,AE09,28,adhawk,0.1,-9,0.476142791370376
9,AE09,28,target,0.1,-9,0
9,AE09,29,eyelink,0.1,-9,0.281438692743059
9,AE09,29,adhawk,0.1,-9,0.247654274210634
9,AE09,29,target,0.1,-9,0
9,AE09,30,eyelink,0.2,9,-0.352731979104683
9,AE09,30,adhawk,0.2,9,-0.591659292604702
9,AE09,30,target,0.2,9,0
10,AE10,1,eyelink,0.2,-9,-0.212184065708945
10,AE10,1,adhawk,0.2,-9,-0.183589243370482
10,AE10,1,target,0.2,-9,0
10,AE10,2,eyelink,0.1,-9,0.212097375127129
10,AE10,2,adhawk,0.1,-9,1.03346410542224
10,AE10,2,target,0.1,-9,0
10,AE10,3,eyelink,0.1,-9,0.155473622477326
10,AE10,3,adhawk,0.1,-9,0.428861963844434
10,AE10,3,target,0.1,-9,0
10,AE10,4,eyelink,0.2,9,-0.0393530858121579
10,AE10,4,adhawk,0.2,9,0.498439715698068
10,AE10,4,target,0.2,9,0
10,AE10,5,eyelink,0.01,9,-0.20844024585382
10,AE10,5,adhawk,0.01,9,-0.573283135910627
10,AE10,5,target,0.01,9,0
10,AE10,6,eyelink,0.1,9,-0.43473997119877
10,AE10,6,adhawk,0.1,9,-1.41923479821623
10,AE10,6,target,0.1,9,0
10,AE10,7,eyelink,0.01,-9,-0.103106666071979
10,AE10,7,adhawk,0.01,-9,0.822532228289116
10,AE10,7,target,0.01,-9,0
10,AE10,8,eyelink,0.2,9,-0.217804312113107
10,AE10,8,adhawk,0.2,9,-0.751155394920443
10,AE10,8,target,0.2,9,0
10,AE10,9,eyelink,0.1,9,0.156385426747141
10,AE10,9,adhawk,0.1,9,-0.589177841592531
10,AE10,9,target,0.1,9,0
10,AE10,10,eyelink,0.01,9,0.0365922307595886
10,AE10,10,adhawk,0.01,9,0.6596983393739
10,AE10,10,target,0.01,9,0
10,AE10,11,eyelink,0.01,-9,0.464863730303369
10,AE10,11,adhawk,0.01,-9,0.569729548636074
10,AE10,11,target,0.01,-9,0
10,AE10,12,eyelink,0.2,9,-0.0916262821613044
10,AE10,12,adhawk,0.2,9,1.59428060557863
10,AE10,12,target,0.2,9,0
10,AE10,13,eyelink,0.01,9,-0.053463127186642
10,AE10,13,adhawk,0.01,9,-0.615572202349728
10,AE10,13,target,0.01,9,0
10,AE10,14,eyelink,0.2,-9,-0.909822817516686
10,AE10,14,adhawk,0.2,-9,-0.346674904070045
10,AE10,14,target,0.2,-9,0
10,AE10,15,eyelink,0.1,9,-0.286018806581847
10,AE10,15,adhawk,0.1,9,-0.478668605802773
10,AE10,15,target,0.1,9,0
10,AE10,16,eyelink,0.2,9,-0.331662369657196
10,AE10,16,adhawk,0.2,9,-0.971610271853241
10,AE10,16,target,0.2,9,0
10,AE10,17,eyelink,0.1,9,-0.980597908524657
10,AE10,17,adhawk,0.1,9,0.532055490366165
10,AE10,17,target,0.1,9,0
10,AE10,18,eyelink,0.1,9,-0.51431725716311
10,AE10,18,adhawk,0.1,9,0.592556603784005
10,AE10,18,target,0.1,9,0
10,AE10,19,eyelink,0.2,-9,0.393186651681028
10,AE10,19,adhawk,0.2,-9,1.07655456768427
10,AE10,19,target,0.2,-9,0
10,AE10,20,eyelink,0.01,-9,0.252508542686322
10,AE10,20,adhawk,0.01,-9,0.105678107579165
10,AE10,20,target,0.01,-9,0
10,AE10,21,eyelink,0.01,-9,-0.153661670389921
10,AE10,21,adhawk,0.01,-9,0.535957792864033
10,AE10,21,target,0.01,-9,0
10,AE10,22,eyelink,0.2,-9,-0.293131848929742
10,AE10,22,adhawk,0.2,-9,-0.79449574598227
10,AE10,22,target,0.2,-9,0
10,AE10,23,eyelink,0.01,9,-1.08446184319722
10,AE10,23,adhawk,0.01,9,0.488106574476959
10,AE10,23,target,0.01,9,0
10,AE10,24,eyelink,0.01,9,0.00450369692701326
10,AE10,24,adhawk,0.01,9,-0.479319408513272
10,AE10,24,target,0.01,9,0
10,AE10,25,eyelink,0.1,-9,-0.139310567499472
10,AE10,25,adhawk,0.1,-9,-1.93534609954725
10,AE10,25,target,0.1,-9,0
10,AE10,26,eyelink,0.01,-9,-0.370347857860847
10,AE10,26,adhawk,0.01,-9,0.138830042354629
10,AE10,26,target,0.01,-9,0
10,AE10,27,eyelink,0.2,-9,-0.132892017175311
10,AE10,27,adhawk,0.2,-9,0.262423802389718
10,AE10,27,target,0.2,-9,0
10,AE10,28,eyelink,0.1,-9,-0.476922508027229
10,AE10,28,adhawk,0.1,-9,0.577548172334288
10,AE10,28,target,0.1,-9,0
10,AE10,29,eyelink,0.1,-9,-0.412016583077635
10,AE10,29,adhawk,0.1,-9,-0.552753951568269
10,AE10,29,target,0.1,-9,0
10,AE10,30,eyelink,0.2,9,-0.219143844721069
10,AE10,30,adhawk,0.2,9,-0.925669782642476
10,AE10,30,target,0.2,9,0
11,AE11,1,eyelink,0.2,-9,-0.291978768604652
11,AE11,1,adhawk,0.2,-9,-0.492176059076073
11,AE11,1,target,0.2,-9,0
11,AE11,2,eyelink,0.1,-9,-0.533402078553592
11,AE11,2,adhawk,0.1,-9,-0.105394625203031
11,AE11,2,target,0.1,-9,0
11,AE11,3,eyelink,0.1,-9,-0.351869359957348
11,AE11,3,adhawk,0.1,-9,0.1985039348917
11,AE11,3,target,0.1,-9,0
11,AE11,4,eyelink,0.2,9,-0.138787159648005
11,AE11,4,adhawk,0.2,9,-0.0826325273049882
11,AE11,4,target,0.2,9,0
11,AE11,5,eyelink,0.01,9,-0.3334587038236
11,AE11,5,adhawk,0.01,9,0.255252275508334
11,AE11,5,target,0.01,9,0
11,AE11,6,eyelink,0.1,9,-0.0621340690102947
11,AE11,6,adhawk,0.1,9,0.0564857315136102
11,AE11,6,target,0.1,9,0
11,AE11,7,eyelink,0.01,-9,0.0924600586967823
11,AE11,7,adhawk,0.01,-9,-0.0845633943642245
11,AE11,7,target,0.01,-9,0
11,AE11,8,eyelink,0.2,9,-0.362570882687347
11,AE11,8,adhawk,0.2,9,0.543536043950237
11,AE11,8,target,0.2,9,0
11,AE11,9,eyelink,0.1,9,0.0308566417345625
11,AE11,9,adhawk,0.1,9,0.0272707991536702
11,AE11,9,target,0.1,9,0
11,AE11,10,eyelink,0.01,9,-0.285076163023972
11,AE11,10,adhawk,0.01,9,-0.179574775589835
11,AE11,10,target,0.01,9,0
11,AE11,11,eyelink,0.01,-9,-0.109141881712349
11,AE11,11,adhawk,0.01,-9,0.610358833766289
11,AE11,11,target,0.01,-9,0
11,AE11,12,eyelink,0.2,9,-0.175802003810942
11,AE11,12,adhawk,0.2,9,1.2007479837139
11,AE11,12,target,0.2,9,0
11,AE11,13,eyelink,0.01,9,-0.169888122463608
11,AE11,13,adhawk,0.01,9,0.310870721989072
11,AE11,13,target,0.01,9,0
11,AE11,14,eyelink,0.2,-9,-0.0840591516994262
11,AE11,14,adhawk,0.2,-9,0.00863026690633195
11,AE11,14,target,0.2,-9,0
11,AE11,15,eyelink,0.1,9,-0.114620436344882
11,AE11,15,adhawk,0.1,9,0.625131291407466
11,AE11,15,target,0.1,9,0
11,AE11,16,eyelink,0.2,9,-0.286744330762136
11,AE11,16,adhawk,0.2,9,1.13357207136709
11,AE11,16,target,0.2,9,0
11,AE11,17,eyelink,0.1,9,-0.470568572142269
11,AE11,17,adhawk,0.1,9,0.290269485316602
11,AE11,17,target,0.1,9,0
11,AE11,18,eyelink,0.1,9,-0.0665318891708111
11,AE11,18,adhawk,0.1,9,0.0915113374318287
11,AE11,18,target,0.1,9,0
11,AE11,19,eyelink,0.2,-9,-0.123988251682292
11,AE11,19,adhawk,0.2,-9,0.384690260139077
11,AE11,19,target,0.2,-9,0
11,AE11,20,eyelink,0.01,-9,-0.458897456746649
11,AE11,20,adhawk,0.01,-9,-1.27360052193575
11,AE11,20,target,0.01,-9,0
11,AE11,21,eyelink,0.01,-9,-0.22362373804501
11,AE11,21,adhawk,0.01,-9,0.457071930412649
11,AE11,21,target,0.01,-9,0
11,AE11,22,eyelink,0.2,-9,0.151995249695649
11,AE11,22,adhawk,0.2,-9,0.773822189343582
11,AE11,22,target,0.2,-9,0
11,AE11,23,eyelink,0.01,9,-0.0565033142289074
11,AE11,23,adhawk,0.01,9,0.0298659382727706
11,AE11,23,target,0.01,9,0
11,AE11,24,eyelink,0.01,9,0.118349245740902
11,AE11,24,adhawk,0.01,9,-0.166373656906992
11,AE11,24,target,0.01,9,0
11,AE11,25,eyelink,0.1,-9,0.0676834761582181
11,AE11,25,adhawk,0.1,-9,0.848994104860018
11,AE11,25,target,0.1,-9,0
11,AE11,26,eyelink,0.01,-9,-0.642082762822878
11,AE11,26,adhawk,0.01,-9,-0.733589348000532
11,AE11,26,target,0.01,-9,0
11,AE11,27,eyelink,0.2,-9,-0.196670126534552
11,AE11,27,adhawk,0.2,-9,0.422864042940397
11,AE11,27,target,0.2,-9,0
11,AE11,28,eyelink,0.1,-9,0.0600494361787249
11,AE11,28,adhawk,0.1,-9,0.237093470858708
11,AE11,28,target,0.1,-9,0
11,AE11,29,eyelink,0.1,-9,-0.216052790244733
11,AE11,29,adhawk,0.1,-9,-0.0631272819029487
11,AE11,29,target,0.1,-9,0
11,AE11,30,eyelink,0.2,9,-0.441518828303251
11,AE11,30,adhawk,0.2,9,-0.132080517655264
11,AE11,30,target,0.2,9,0
12,AE12,1,eyelink,0.2,-9,1.35633261204267
12,AE12,1,adhawk,0.2,-9,-0.0121500914850647
12,AE12,1,target,0.2,-9,0
12,AE12,2,eyelink,0.1,-9,0.137589922401481
12,AE12,2,adhawk,0.1,-9,-1.17063188122238
12,AE12,2,target,0.1,-9,0
12,AE12,3,eyelink,0.1,-9,0.226732125449502
12,AE12,3,adhawk,0.1,-9,-0.903326669661097
12,AE12,3,target,0.1,-9,0
12,AE12,4,eyelink,0.2,9,0.160957265104003
12,AE12,4,adhawk,0.2,9,-0.359143335810912
12,AE12,4,target,0.2,9,0
12,AE12,5,eyelink,0.01,9,0.564193298870348
12,AE12,5,adhawk,0.01,9,-1.60895530000972
12,AE12,5,target,0.01,9,0
12,AE12,6,eyelink,0.1,9,0.420303823323098
12,AE12,6,adhawk,0.1,9,1.1964690054816
12,AE12,6,target,0.1,9,0
12,AE12,7,eyelink,0.01,-9,-0.0112295345541376
12,AE12,7,adhawk,0.01,-9,-2.08260789498935
12,AE12,7,target,0.01,-9,0
12,AE12,8,eyelink,0.2,9,0.0264272048577418
12,AE12,8,adhawk,0.2,9,-0.725986439221106
12,AE12,8,target,0.2,9,0
12,AE12,9,eyelink,0.1,9,1.70881359260606
12,AE12,9,adhawk,0.1,9,-0.182284012377109
12,AE12,9,target,0.1,9,0
12,AE12,10,eyelink,0.01,9,0.649340478381372
12,AE12,10,adhawk,0.01,9,0.703520258948181
12,AE12,10,target,0.01,9,0
12,AE12,11,eyelink,0.01,-9,-0.349672335973552
12,AE12,11,adhawk,0.01,-9,-0.322718526029124
12,AE12,11,target,0.01,-9,0
12,AE12,12,eyelink,0.2,9,-0.0228910195907072
12,AE12,12,adhawk,0.2,9,0.517995558099174
12,AE12,12,target,0.2,9,0
12,AE12,13,eyelink,0.01,9,0.485639115388722
12,AE12,13,adhawk,0.01,9,-0.138141270218957
12,AE12,13,target,0.01,9,0
12,AE12,14,eyelink,0.2,-9,0.301238864021007
12,AE12,14,adhawk,0.2,-9,-2.38564061723722
12,AE12,14,target,0.2,-9,0
12,AE12,15,eyelink,0.1,9,0.535865829404181
12,AE12,15,adhawk,0.1,9,0.163320542679627
12,AE12,15,target,0.1,9,0
12,AE12,16,eyelink,0.2,9,-0.22810929559355
12,AE12,16,adhawk,0.2,9,-1.67988906798228
12,AE12,16,target,0.2,9,0
12,AE12,17,eyelink,0.1,9,0.536853150340179
12,AE12,17,adhawk,0.1,9,0.26435775715269
12,AE12,17,target,0.1,9,0
12,AE12,18,eyelink,0.1,9,0.41360830393169
12,AE12,18,adhawk,0.1,9,1.44329566715601
12,AE12,18,target,0.1,9,0
12,AE12,19,eyelink,0.2,-9,0.140444965927527
12,AE12,19,adhawk,0.2,-9,-0.531463511405347
12,AE12,19,target,0.2,-9,0
12,AE12,20,eyelink,0.01,-9,0.192857244976215
12,AE12,20,adhawk,0.01,-9,1.15800315632171
12,AE12,20,target,0.01,-9,0
12,AE12,21,eyelink,0.01,-9,0.0468299941498419
12,AE12,21,adhawk,0.01,-9,0.534041551502461
12,AE12,21,target,0.01,-9,0
12,AE12,22,eyelink,0.2,-9,0.186668047509735
12,AE12,22,adhawk,0.2,-9,1.10568560215977
12,AE12,22,target,0.2,-9,0
12,AE12,23,eyelink,0.01,9,0.288021384668658
12,AE12,23,adhawk,0.01,9,0.26881168906977
12,AE12,23,target,0.01,9,0
12,AE12,24,eyelink,0.01,9,0.470989294965875
12,AE12,24,adhawk,0.01,9,-0.760679690632552
12,AE12,24,target,0.01,9,0
12,AE12,25,eyelink,0.1,-9,0.142412486885894
12,AE12,25,adhawk,0.1,-9,0.0369581818552225
12,AE12,25,target,0.1,-9,0
12,AE12,26,eyelink,0.01,-9,0.316369675184032
12,AE12,26,adhawk,0.01,-9,1.01951164757618
12,AE12,26,target,0.01,-9,0
12,AE12,27,eyelink,0.2,-9,0.314348867986925
12,AE12,27,adhawk,0.2,-9,-0.641536572657142
12,AE12,27,target,0.2,-9,0
12,AE12,28,eyelink,0.1,-9,-0.0787476660614107
12,AE12,28,adhawk,0.1,-9,-2.14868652900753
12,AE12,28,target,0.1,-9,0
12,AE12,29,eyelink,0.1,-9,-0.238521593693377
12,AE12,29,adhawk,0.1,-9,-2.10139756351852
12,AE12,29,target,0.1,-9,0
12,AE12,30,eyelink,0.2,9,0.144793694362388
12,AE12,30,adhawk,0.2,9,0.759618198245801
12,AE12,30,target,0.2,9,0
13,AE13,1,eyelink,0.2,-9,-0.284352771225791
13,AE13,1,adhawk,0.2,-9,-0.280010346003228
13,AE13,1,target,0.2,-9,0
13,AE13,2,eyelink,0.1,-9,-0.19370117076242
13,AE13,2,adhawk,0.1,-9,-0.450357373575436
13,AE13,2,target,0.1,-9,0
13,AE13,3,eyelink,0.1,-9,-0.186197083509629
13,AE13,3,adhawk,0.1,-9,-0.509251809763047
13,AE13,3,target,0.1,-9,0
13,AE13,4,eyelink,0.2,9,-0.346326555381198
13,AE13,4,adhawk,0.2,9,-0.0900340851936508
13,AE13,4,target,0.2,9,0
13,AE13,5,eyelink,0.01,9,0.0826745621286747
13,AE13,5,adhawk,0.01,9,1.02729916651521
13,AE13,5,target,0.01,9,0
13,AE13,6,eyelink,0.1,9,-0.176358225378213
13,AE13,6,adhawk,0.1,9,1.70086669658364
13,AE13,6,target,0.1,9,0
13,AE13,7,eyelink,0.01,-9,-0.107380089747891
13,AE13,7,adhawk,0.01,-9,0.543192176728374
13,AE13,7,target,0.01,-9,0
13,AE13,8,eyelink,0.2,9,-0.474095348712951
13,AE13,8,adhawk,0.2,9,-0.369890330797661
13,AE13,8,target,0.2,9,0
13,AE13,9,eyelink,0.1,9,-0.234541049253361
13,AE13,9,adhawk,0.1,9,-0.00500397576231354
13,AE13,9,target,0.1,9,0
13,AE13,10,eyelink,0.01,9,0.0199615105460538
13,AE13,10,adhawk,0.01,9,0.705559795809206
13,AE13,10,target,0.01,9,0
13,AE13,11,eyelink,0.01,-9,0.107572791032578
13,AE13,11,adhawk,0.01,-9,0.69557520474649
13,AE13,11,target,0.01,-9,0
13,AE13,12,eyelink,0.2,9,-0.105814854307705
13,AE13,12,adhawk,0.2,9,0.673504423250516
13,AE13,12,target,0.2,9,0
13,AE13,13,eyelink,0.01,9,-0.166842109554395
13,AE13,13,adhawk,0.01,9,0.416187456046437
13,AE13,13,target,0.01,9,0
13,AE13,14,eyelink,0.2,-9,0.00514908795744856
13,AE13,14,adhawk,0.2,-9,0.680937276552062
13,AE13,14,target,0.2,-9,0
13,AE13,15,eyelink,0.1,9,-0.0591374917871446
13,AE13,15,adhawk,0.1,9,2.04399867323428
13,AE13,15,target,0.1,9,0
13,AE13,16,eyelink,0.2,9,-0.0192756173681989
13,AE13,16,adhawk,0.2,9,0.413248437389411
13,AE13,16,target,0.2,9,0
13,AE13,17,eyelink,0.1,9,-0.0730289353271502
13,AE13,17,adhawk,0.1,9,1.41579338182838
13,AE13,17,target,0.1,9,0
13,AE13,18,eyelink,0.1,9,-0.0479405872569129
13,AE13,18,adhawk,0.1,9,0.903108024815866
13,AE13,18,target,0.1,9,0
13,AE13,19,eyelink,0.2,-9,-0.273722887735159
13,AE13,19,adhawk,0.2,-9,0.894722771285576
13,AE13,19,target,0.2,-9,0
13,AE13,20,eyelink,0.01,-9,0.237829212862118
13,AE13,20,adhawk,0.01,-9,0.468753391944886
13,AE13,20,target,0.01,-9,0
13,AE13,21,eyelink,0.01,-9,-0.166098347524899
13,AE13,21,adhawk,0.01,-9,54.8786419326401
13,AE13,21,target,0.01,-9,0
13,AE13,22,eyelink,0.2,-9,0.580529814909879
13,AE13,22,adhawk,0.2,-9,11.4324172589389
13,AE13,22,target,0.2,-9,0
13,AE13,23,eyelink,0.01,9,0.031112889970765
13,AE13,23,adhawk,0.01,9,-1.5657715166456e-05
13,AE13,23,target,0.01,9,0
13,AE13,24,eyelink,0.01,9,-0.243317280865697
13,AE13,24,adhawk,0.01,9,-37.7745694390991
13,AE13,24,target,0.01,9,0
13,AE13,25,eyelink,0.1,-9,-0.0670776801191515
13,AE13,25,adhawk,0.1,-9,-0.762419092362979
13,AE13,25,target,0.1,-9,0
13,AE13,26,eyelink,0.01,-9,-0.221093168861944
13,AE13,26,adhawk,0.01,-9,0.408455732917153
13,AE13,26,target,0.01,-9,0
13,AE13,27,eyelink,0.2,-9,-0.212209189939219
13,AE13,27,adhawk,0.2,-9,-0.271334053103986
13,AE13,27,target,0.2,-9,0
13,AE13,28,eyelink,0.1,-9,-0.0181063043676326
13,AE13,28,adhawk,0.1,-9,1.26874102299046
13,AE13,28,target,0.1,-9,0
13,AE13,29,eyelink,0.1,-9,0.0373444053300722
13,AE13,29,adhawk,0.1,-9,0.130952741108052
13,AE13,29,target,0.1,-9,0
13,AE13,30,eyelink,0.2,9,-0.347979825769119
13,AE13,30,adhawk,0.2,9,0.148309414817375
13,AE13,30,target,0.2,9,0
