subject,eye,trial,target_freq,el_freq,ah_freq,el_freq_gain,ah_freq_gain,target_amp,el_amp,ah_amp,el_amp_gain,ah_amp_gain
AE01,right,1,0.2,0.20435463,0.207250244,1.021773152,1.03625122,9,8.05536892,7.170477589,0.895040991,0.796719732
AE01,right,2,0.1,0.102372273,0.102862021,1.023722734,1.02862021,9,7.972795292,6.753440148,0.885866144,0.750382239
AE01,right,3,0.1,0.100532884,0.102064098,1.00532884,1.02064098,9,8.019937599,7.05203405,0.891104178,0.783559339
AE01,right,4,0.2,0.19959586,0.202121666,0.997979302,1.010608328,9,8.089492354,7.1168648,0.898832484,0.790762756
AE01,right,6,0.1,0.100334318,0.101837408,1.003343181,1.018374078,9,8.290360719,7.511636006,0.921151191,0.834626223
AE01,right,8,0.2,0.200723841,0.202225704,1.003619203,1.011128521,9,7.826326346,7.092594602,0.869591816,0.788066067
AE01,right,9,0.1,0.103726196,0.109333991,1.037261958,1.093339907,9,8.056075509,6.360220944,0.895119501,0.706691216
AE01,right,12,0.2,0.202119631,0.205345727,1.010598155,1.026728634,9,7.992839936,7.118223832,0.888093326,0.790913759
AE01,right,14,0.2,0.204654746,0.203495342,1.02327373,1.017476712,9,7.951297372,6.883590575,0.883477486,0.764843397
AE01,right,15,0.1,0.101465444,0.103643019,1.014654439,1.036430191,9,8.281182754,6.8756734,0.920131417,0.763963711
AE01,right,16,0.2,0.191283429,0.189495109,0.956417144,0.947475543,9,7.571123976,6.645735223,0.841235997,0.738415025
AE01,right,18,0.1,0.102286911,0.105056647,1.022869113,1.050566474,9,8.031636457,6.826858915,0.892404051,0.758539879
AE01,right,19,0.2,0.205758511,0.205646313,1.028792553,1.028231566,9,7.761302071,6.760544634,0.862366897,0.751171626
AE01,right,22,0.2,0.203172315,0.201073299,1.015861576,1.005366495,9,8.088152386,7.130538878,0.898683599,0.792282098
AE01,right,25,0.1,0.102226964,0.103515702,1.022269642,1.035157015,9,7.425247859,6.336349091,0.82502754,0.704038788
AE01,right,27,0.2,0.200764521,0.201427534,1.003822603,1.007137668,9,7.929778843,7.191094874,0.881086538,0.799010542
AE01,right,29,0.1,0.099567162,0.098319214,0.995671621,0.983192136,9,7.470431543,6.695790843,0.830047949,0.74397676
AE01,left,1,0.2,0.201568405,0.187265351,1.007842026,0.936326754,9,8.081501666,5.130980997,0.89794463,0.570109
AE01,left,2,0.1,0.100096431,0.104111887,1.000964306,1.041118873,9,7.976707439,5.012740672,0.886300827,0.556971186
AE01,left,3,0.1,0.100128308,0.104205185,1.001283081,1.04205185,9,8.135673794,5.303527824,0.903963755,0.589280869
AE01,left,15,0.1,0.100774748,0.078942119,1.007747477,0.78942119,9,7.949821921,5.033950515,0.883313547,0.559327835
AE01,left,18,0.1,0.100316732,0.076237828,1.003167323,0.762378281,9,7.906765744,4.249970616,0.878529527,0.472218957
AE01,left,19,0.2,0.20287356,0.138827922,1.014367798,0.694139608,9,7.808552626,10.75783119,0.867616958,1.195314577
AE01,left,25,0.1,0.100944611,0.078210877,1.009446108,0.78210877,9,7.070877388,7.580910287,0.785653043,0.842323365
AE01,left,29,0.1,0.100709899,0.104501445,1.007098991,1.045014454,9,7.112316152,4.575271098,0.79025735,0.508363455
AE02,right,1,0.2,0.204934168,0.19793731,1.024670839,0.989686551,9,8.755378929,7.782123206,0.972819881,0.864680356
AE02,right,2,0.1,0.102143882,0.103842823,1.021438824,1.038428226,9,8.267790695,7.298302702,0.918643411,0.810922522
AE02,right,3,0.1,0.102380365,0.10400724,1.023803649,1.040072401,9,8.513171687,7.196610256,0.945907965,0.799623362
AE02,right,4,0.2,0.20209819,0.200498471,1.010490951,1.002492354,9,8.821132253,7.565870949,0.980125806,0.840652328
AE02,right,8,0.2,0.202827557,0.202255086,1.014137785,1.011275428,9,8.869155658,7.443491446,0.98546174,0.827054605
AE02,right,9,0.1,0.105602223,0.110462081,1.056022228,1.104620808,9,8.199733144,6.099097503,0.91108146,0.6776775
AE02,right,12,0.2,0.21377501,0.213556432,1.068875047,1.06778216,9,9.170324816,7.738224227,1.01892498,0.859802692
AE02,right,14,0.2,0.202184818,0.192876301,1.010924088,0.964381503,9,9.184570367,7.687968106,1.020507819,0.854218678
AE02,right,15,0.1,0.1040192,0.107565099,1.040191998,1.075650991,9,8.989695534,6.635480257,0.998855059,0.737275584
AE02,right,16,0.2,0.200432871,0.188371148,1.002164353,0.941855738,9,9.431036052,7.755632903,1.047892895,0.861736989
AE02,right,17,0.1,0.103294261,0.09916254,1.032942609,0.991625396,9,9.257843273,8.069419652,1.028649253,0.896602184
AE02,right,18,0.1,0.10468067,0.101085952,1.046806702,1.010859522,9,8.612425094,6.968700151,0.956936122,0.774300017
AE02,right,22,0.2,0.203442651,0.19941871,1.017213255,0.997093551,9,8.9031176,7.799102826,0.989235289,0.866566981
AE02,left,1,0.2,0.203486872,0.201618171,1.017434359,1.008090855,9,8.774292377,6.631837535,0.974921375,0.736870837
AE02,left,2,0.1,0.102708167,0.109672307,1.027081671,1.096723074,9,8.25105906,5.446892807,0.91678434,0.605210312
AE02,left,3,0.1,0.103382159,0.10361551,1.033821587,1.036155099,9,8.33980959,6.778299964,0.92664551,0.75314444
AE02,left,4,0.2,0.20291388,0.200554658,1.014569401,1.002773291,9,9.009395333,6.10118401,1.001043926,0.677909335
AE02,left,8,0.2,0.204111259,0.198418875,1.020556295,0.992094376,9,8.924595223,6.281242192,0.991621691,0.697915799
AE02,left,9,0.1,0.10189242,0.10072143,1.018924199,1.007214298,9,8.79297804,5.611445018,0.97699756,0.623493891
AE02,left,12,0.2,0.215021941,0.208449948,1.075109704,1.042249738,9,9.161049109,6.526055698,1.017894345,0.7251173
AE02,left,14,0.2,0.202220204,0.1984526,1.01110102,0.992263002,9,8.836982688,5.89941617,0.981886965,0.655490686
AE02,left,15,0.1,0.100793266,0.111416187,1.007932663,1.114161871,9,9.17100619,4.748945323,1.019000688,0.527660592
AE02,left,16,0.2,0.200708113,0.144207623,1.003540567,0.721038113,9,9.233253567,7.036919979,1.025917063,0.781879998
AE02,left,17,0.1,0.099432002,0.099528227,0.994320019,0.995282268,9,9.455311552,6.196416062,1.050590172,0.688490674
AE02,left,18,0.1,0.103351752,0.102053769,1.033517518,1.020537692,9,8.68724415,6.372197787,0.96524935,0.708021976
AE02,left,22,0.2,0.200753838,0.201675158,1.00376919,1.008375792,9,9.151691571,6.37744593,1.016854619,0.708605103
AE02,left,25,0.1,0.107571784,0.109661344,1.075717841,1.09661344,9,8.57855736,6.49154346,0.95317304,0.721282607
AE02,left,27,0.2,0.194344087,0.143459211,0.971720437,0.717296057,9,8.817337117,5.781400838,0.979704124,0.642377871
AE03,right,1,0.2,0.205636369,0.204036841,1.028181847,1.020184203,9,8.860112523,9.293163626,0.984456947,1.032573736
AE03,right,2,0.1,0.10198217,0.11411442,1.019821696,1.1411442,9,8.717186694,7.96215773,0.968576299,0.884684192
AE03,right,3,0.1,0.100002089,0.106748772,1.000020894,1.067487719,9,8.465686079,8.347872351,0.940631787,0.927541372
AE03,right,4,0.2,0.205263153,0.198620162,1.026315764,0.993100809,9,8.85910871,9.321523483,0.984345412,1.035724831
AE03,right,6,0.1,0.102573835,0.103784683,1.025738348,1.037846834,9,9.107588354,8.727256316,1.011954262,0.969695146
AE03,right,8,0.2,0.202810805,0.194061597,1.014054025,0.970307986,9,7.48404622,7.68891318,0.831560691,0.854323687
AE03,right,12,0.2,0.181836979,0.114805583,0.909184893,0.574027913,9,7.583859116,10.69919228,0.842651013,1.188799142
AE03,right,14,0.2,0.204230632,0.201596334,1.021153162,1.007981668,9,8.527419704,9.407171765,0.947491078,1.045241307
AE03,right,15,0.1,0.100568454,0.096876197,1.005684537,0.968761973,9,8.259283924,8.52217313,0.917698214,0.946908126
AE03,right,16,0.2,0.200306754,0.188395931,1.00153377,0.941979653,9,8.904660032,9.80729888,0.98940667,1.089699876
AE03,right,17,0.1,0.102243586,0.106728569,1.022435858,1.067285686,9,8.460867482,8.452242976,0.940096387,0.939138108
AE03,right,18,0.1,0.100405577,0.101732515,1.004055767,1.017325146,9,8.837824097,8.781104265,0.981980455,0.975678252
AE03,right,19,0.2,0.199322417,0.192052867,0.996612087,0.960264334,9,8.292935014,8.799141796,0.921437224,0.977682422
AE03,right,22,0.2,0.219364813,0.217028975,1.096824064,1.085144876,9,8.687750388,9.336649648,0.965305599,1.037405516
AE03,right,25,0.1,0.100122654,0.107125885,1.001226542,1.071258846,9,7.890813242,7.861018765,0.876757027,0.873446529
AE03,right,27,0.2,0.202107599,0.192836057,1.010537994,0.964180284,9,8.728242458,9.524081009,0.969804718,1.058231223
AE03,right,29,0.1,0.095670487,0.099096136,0.956704869,0.990961357,9,7.925488363,8.270426955,0.880609818,0.918936328
AE03,right,30,0.2,0.202722563,0.204750959,1.013612817,1.023754795,9,8.934561194,9.558083345,0.992729022,1.062009261
AE03,left,1,0.2,0.203972017,0.205164126,1.019860084,1.02582063,9,8.069932559,9.058893916,0.896659173,1.006543768
AE03,left,2,0.1,0.102919698,0.106467045,1.029196976,1.064670454,9,8.269006158,9.042110835,0.918778462,1.004678982
AE03,left,3,0.1,0.099971437,0.103372963,0.999714369,1.033729633,9,8.083010822,9.005324418,0.898112314,1.000591602
AE03,left,4,0.2,0.203436097,0.199236674,1.017180487,0.996183371,9,8.233236783,9.328345315,0.914804087,1.036482813
AE03,left,6,0.1,0.098088012,0.101812715,0.980880116,1.018127151,9,7.411559164,8.06149676,0.823506574,0.895721862
AE03,left,8,0.2,0.206596876,0.18811033,1.032984377,0.940551648,9,8.420697315,9.282024613,0.935633035,1.031336068
AE03,left,12,0.2,0.184480049,0.191085757,0.922400245,0.955428787,9,7.180864177,7.830450278,0.797873797,0.870050031
AE03,left,14,0.2,0.204100786,0.19921087,1.020503928,0.996054352,9,7.95093541,9.63727835,0.883437268,1.070808706
AE03,left,15,0.1,0.101643646,0.104044272,1.016436459,1.040442722,9,7.988600506,9.17932291,0.887622278,1.019924768
AE03,left,16,0.2,0.2020062,0.196411973,1.010031001,0.982059864,9,8.391199296,9.346253015,0.932355477,1.038472557
AE03,left,17,0.1,0.099328586,0.111151094,0.993285861,1.111510939,9,7.910571124,7.759629835,0.878952347,0.862181093
AE03,left,18,0.1,0.099396616,0.098914615,0.993966155,0.989146149,9,8.120524005,9.528278809,0.902280445,1.058697645
AE03,left,19,0.2,0.199440991,0.187274294,0.997204957,0.936371472,9,7.940854971,9.173878236,0.882317219,1.019319804
AE03,left,22,0.2,0.218527866,0.214305102,1.092639328,1.071525511,9,8.163958024,9.296182593,0.907106447,1.032909177
AE03,left,25,0.1,0.098774871,0.103833678,0.987748707,1.038336775,9,7.603553247,8.066275943,0.84483925,0.896252883
AE03,left,27,0.2,0.202878331,0.195807965,1.014391652,0.979039826,9,8.344871937,9.271850595,0.927207993,1.030205622
AE03,left,29,0.1,0.095732169,0.104727646,0.957321689,1.047276457,9,7.32272056,7.148849541,0.813635618,0.794316616
AE03,left,30,0.2,0.201552191,0.197369884,1.007760956,0.98684942,9,8.246322186,9.589788352,0.916258021,1.065532039
AE04,right,2,0.1,0.100368011,0.111916674,1.003680112,1.119166742,9,8.33462005,7.10584343,0.926068895,0.789538159
AE04,right,3,0.1,0.103722738,0.108332462,1.037227379,1.083324619,9,8.164521451,7.751027387,0.90716905,0.861225265
AE04,right,4,0.2,0.202006114,0.200172926,1.010030568,1.000864627,9,8.302651671,7.865978586,0.922516852,0.873997621
AE04,right,6,0.1,0.103868572,0.106684816,1.038685717,1.066848162,9,8.479233859,7.411703176,0.942137096,0.823522575
AE04,right,8,0.2,0.201630023,0.197571549,1.008150115,0.987857747,9,8.620569761,8.036693457,0.957841085,0.89296594
AE04,right,9,0.1,0.101405189,0.10362255,1.014051894,1.036225502,9,8.674751904,7.221322476,0.963861323,0.802369164
AE04,right,12,0.2,0.20244323,0.197669605,1.01221615,0.988348027,9,8.643788131,8.228423726,0.960420903,0.914269303
AE04,right,14,0.2,0.203164596,0.196216514,1.015822981,0.981082568,9,8.594294474,8.250594615,0.954921608,0.916732735
AE04,right,15,0.1,0.100097553,0.103504934,1.000975529,1.035049344,9,8.527332281,7.344044445,0.947481365,0.816004938
AE04,right,16,0.2,0.200930527,0.195132853,1.004652636,0.975664265,9,8.658251182,8.157661919,0.962027909,0.90640688
AE04,right,17,0.1,0.102812164,0.105305798,1.028121639,1.053057982,9,8.484989191,7.147479726,0.942776577,0.794164414
AE04,right,18,0.1,0.102390718,0.113255948,1.023907178,1.132559479,9,8.417005627,6.237868824,0.935222848,0.693096536
AE04,right,19,0.2,0.202309109,0.196184529,1.011545546,0.980922646,9,8.445333076,8.095277129,0.938370342,0.899475237
AE04,right,22,0.2,0.202649562,0.197908037,1.013247812,0.989540185,9,8.557757073,8.279024399,0.950861897,0.9198916
AE04,right,25,0.1,0.101022113,0.106030934,1.010221126,1.060309336,9,8.428664975,7.939153216,0.936518331,0.882128135
AE04,right,27,0.2,0.20215252,0.193846422,1.010762601,0.969232109,9,8.620053446,8.421866866,0.957783716,0.935762985
AE04,right,28,0.1,0.102043276,0.110424558,1.020432759,1.104245578,9,8.083759861,7.754126432,0.89819554,0.861569604
AE04,right,29,0.1,0.102454393,0.10472982,1.02454393,1.047298198,9,8.171984349,8.275987669,0.907998261,0.919554186
AE04,right,30,0.2,0.202068986,0.197238152,1.010344931,0.986190759,9,8.676516283,8.288528952,0.964057365,0.920947661
AE04,left,2,0.1,0.10109634,0.102146935,1.010963398,1.021469348,9,8.626968621,8.429944381,0.958552069,0.936660487
AE04,left,3,0.1,0.105160821,0.108888306,1.051608211,1.08888306,9,8.00685691,7.667361652,0.889650768,0.851929072
AE04,left,4,0.2,0.199186361,0.195062327,0.995931807,0.975311636,9,8.249361754,8.551712802,0.91659575,0.950190311
AE04,left,6,0.1,0.101113545,0.106368458,1.011135451,1.063684579,9,8.32749076,7.92024289,0.925276751,0.880026988
AE04,left,8,0.2,0.201462711,0.19126658,1.007313556,0.956332901,9,8.340753853,8.651370688,0.926750428,0.96126341
AE04,left,9,0.1,0.10087527,0.108994961,1.008752695,1.089949609,9,8.083469072,7.800744437,0.89816323,0.866749382
AE04,left,12,0.2,0.201532051,0.191706425,1.007660252,0.958532127,9,8.415868569,8.645739344,0.935096508,0.960637705
AE04,left,14,0.2,0.203945805,0.200488461,1.019729022,1.002442305,9,8.349093531,8.54802357,0.927677059,0.949780397
AE04,left,15,0.1,0.097998454,0.101514507,0.979984539,1.015145074,9,8.176855061,8.036385493,0.908539451,0.892931722
AE04,left,16,0.2,0.199889316,0.194445036,0.999446581,0.972225178,9,8.425511252,8.818373634,0.936167917,0.979819293
AE04,left,17,0.1,0.102259211,0.112463659,1.022592111,1.124636591,9,8.052741309,7.590070421,0.894749034,0.843341158
AE04,left,18,0.1,0.101358358,0.108436453,1.013583577,1.084364528,9,7.890251751,7.874644709,0.876694639,0.874960523
AE04,left,19,0.2,0.202300449,0.199068737,1.011502247,0.995343683,9,8.285975725,8.517969088,0.920663969,0.94644101
AE04,left,22,0.2,0.202950895,0.198165564,1.014754472,0.99082782,9,8.384952494,8.541176394,0.931661388,0.949019599
AE04,left,25,0.1,0.100466755,0.107220982,1.004667547,1.072209822,9,8.488155111,7.808759187,0.943128346,0.86763991
AE04,left,27,0.2,0.2024666,0.201699577,1.012333002,1.008497883,9,8.457326218,8.599164978,0.939702913,0.955462775
AE04,left,28,0.1,0.102086293,0.11095743,1.020862926,1.109574299,9,8.182979185,6.665531458,0.909219909,0.740614606
AE04,left,29,0.1,0.103012499,0.106785696,1.030124994,1.067856958,9,8.325258855,7.963213148,0.925028762,0.884801461
AE04,left,30,0.2,0.200690667,0.196325621,1.003453333,0.981628103,9,8.464393062,8.914742781,0.940488118,0.990526976
AE05,right,1,0.2,0.204662963,0.196344632,1.023314817,0.981723157,9,7.980406019,8.215278588,0.88671178,0.912808732
AE05,right,2,0.1,0.100715508,0.127591877,1.007155081,1.275918771,9,8.003318738,6.919519012,0.889257638,0.768835446
AE05,right,3,0.1,0.100352721,0.122482813,1.003527211,1.224828133,9,8.252209672,7.45337874,0.916912186,0.828153193
AE05,right,4,0.2,0.201289149,0.194234213,1.006445747,0.971171065,9,7.964803904,8.165485002,0.884978212,0.907276111
AE05,right,6,0.1,0.103512173,0.121001731,1.035121725,1.210017314,9,8.593101622,6.18771269,0.954789069,0.687523632
AE05,right,8,0.2,0.206218746,0.142473111,1.031093729,0.712365555,9,8.307643676,9.905790479,0.92307152,1.100643387
AE05,right,9,0.1,0.10423365,0.135320699,1.042336495,1.353206992,9,8.246938673,5.121144912,0.916326519,0.569016101
AE05,right,12,0.2,0.204233519,0.135493805,1.021167593,0.677469023,9,8.388281176,10.07313729,0.932031242,1.119237476
AE05,right,14,0.2,0.200881163,0.117751494,1.004405816,0.58875747,9,8.407805078,11.38949131,0.934200564,1.265499035
AE05,right,15,0.1,0.101210772,0.133525047,1.012107723,1.335250474,9,8.344671282,5.401854444,0.927185698,0.600206049
AE05,right,16,0.2,0.209915929,0.136051943,1.049579646,0.680259716,9,8.285133877,9.784899142,0.920570431,1.087211016
AE05,right,17,0.1,0.100931336,0.119574119,1.009313361,1.195741189,9,8.450686559,5.924749129,0.938965173,0.658305459
AE05,right,18,0.1,0.099288794,0.141530511,0.992887937,1.41530511,9,8.422157671,4.718551387,0.935795297,0.524283487
AE05,right,19,0.2,0.204358634,0.126453739,1.02179317,0.632268694,9,8.744253682,10.68772303,0.971583742,1.187524781
AE05,right,22,0.2,0.202422642,0.119126382,1.012113211,0.595631907,9,8.470834671,11.30210035,0.941203852,1.255788928
AE05,right,25,0.1,0.101133181,0.144249173,1.01133181,1.442491734,9,7.928140582,5.915373269,0.880904509,0.657263697
AE05,right,27,0.2,0.20769278,0.203900637,1.038463898,1.019503186,9,9.271904139,9.424016325,1.030211571,1.047112925
AE05,right,29,0.1,0.104302284,0.106704894,1.043022837,1.067048943,9,8.327582926,8.82989493,0.925286992,0.981099437
AE05,left,1,0.2,0.203384188,0.198662593,1.016920941,0.993312965,9,8.003619759,8.43461025,0.889291084,0.937178917
AE05,left,2,0.1,0.101340291,0.124971165,1.013402914,1.249711646,9,7.97747403,7.359032309,0.886386003,0.817670257
AE05,left,3,0.1,0.10175624,0.119198489,1.017562397,1.191984887,9,8.143597123,8.23035547,0.904844125,0.914483941
AE05,left,4,0.2,0.200994712,0.182402772,1.004973559,0.91201386,9,7.981910542,8.629224028,0.886878949,0.95880267
AE05,left,6,0.1,0.102219778,0.119761595,1.022197784,1.197615954,9,8.717503726,6.422642981,0.968611525,0.713626998
AE05,left,8,0.2,0.205778996,0.138044702,1.028894978,0.690223512,9,8.290493914,10.44635614,0.92116599,1.160706238
AE05,left,9,0.1,0.102949496,0.133154197,1.029494956,1.331541972,9,8.264222684,5.380243306,0.918246965,0.597804812
AE05,left,12,0.2,0.202783778,0.130503795,1.013918892,0.652518975,9,8.331585692,11.30504761,0.925731744,1.256116402
AE05,left,14,0.2,0.202501675,0.121045167,1.012508377,0.605225837,9,8.201948066,10.88174848,0.911327563,1.209083164
AE05,left,15,0.1,0.100041661,0.138669239,1.000416613,1.386692392,9,8.554190473,5.06501413,0.950465608,0.562779348
AE05,left,16,0.2,0.20985955,0.135457496,1.049297748,0.677287479,9,8.19687654,9.792590531,0.91076406,1.088065615
AE05,left,17,0.1,0.101781633,0.124214705,1.01781633,1.24214705,9,8.039849657,5.929861527,0.893316629,0.658873503
AE05,left,18,0.1,0.0988418,0.131874074,0.988418,1.318740736,9,8.434562106,5.165404281,0.937173567,0.573933809
AE05,left,19,0.2,0.203905733,0.12516778,1.019528665,0.6258389,9,8.675698589,11.06512207,0.96396651,1.229458007
AE05,left,22,0.2,0.204796072,0.127610723,1.023980361,0.638053617,9,8.517298358,10.52877264,0.946366484,1.169863627
AE05,left,25,0.1,0.100602797,0.142226801,1.006027968,1.422268014,9,8.118046172,6.043204009,0.90200513,0.671467112
AE05,left,27,0.2,0.207644566,0.199475591,1.038222831,0.997377954,9,9.334317172,10.1020459,1.037146352,1.122449545
AE05,left,29,0.1,0.105372312,0.10518586,1.053723121,1.051858599,9,8.435099862,9.551643924,0.937233318,1.061293769
AE06,right,1,0.2,0.201029131,0.195328392,1.005145654,0.976641958,9,8.540744279,7.936373534,0.948971587,0.881819282
AE06,right,2,0.1,0.101840938,0.107904828,1.018409375,1.079048279,9,8.315536896,8.321628016,0.923948544,0.924625335
AE06,right,3,0.1,0.104451719,0.104924837,1.044517189,1.049248374,9,8.222074359,8.36267188,0.913563818,0.929185765
AE06,right,4,0.2,0.207883002,0.2031684,1.039415011,1.015842002,9,8.178184351,8.04535595,0.90868715,0.893928439
AE06,right,6,0.1,0.099727564,0.103330159,0.99727564,1.033301586,9,8.846648643,7.354215643,0.98296096,0.817135072
AE06,right,8,0.2,0.211573412,0.20106945,1.05786706,1.005347248,9,8.203684141,8.226794364,0.91152046,0.914088263
AE06,right,9,0.1,0.101630264,0.100936532,1.016302643,1.009365318,9,9.120483279,6.655542086,1.013387031,0.739504676
AE06,right,12,0.2,0.2202061,0.212814315,1.1010305,1.064071576,9,7.954055619,8.051639389,0.883783958,0.894626599
AE06,right,14,0.2,0.198445267,0.195046421,0.992226333,0.975232105,9,8.14941012,8.382999035,0.905490013,0.931444337
AE06,right,15,0.1,0.10175208,0.103002042,1.017520796,1.03002042,9,8.300477821,6.347826087,0.922275313,0.70531401
AE06,right,16,0.2,0.213663311,0.20153864,1.068316556,1.007693199,9,7.819610655,7.472095314,0.868845628,0.830232813
AE06,right,17,0.1,0.10179197,0.105113793,1.017919701,1.051137928,9,8.372053694,6.557239172,0.930228188,0.72858213
AE06,right,18,0.1,0.098004768,0.106797345,0.980047675,1.067973445,9,8.041552442,6.848064777,0.893505827,0.760896086
AE06,right,19,0.2,0.196562275,0.195806607,0.982811375,0.979033035,9,8.292749012,8.393216023,0.921416557,0.932579558
AE06,right,22,0.2,0.199882166,0.198881924,0.999410827,0.994409622,9,8.108909302,8.253873768,0.900989922,0.917097085
AE06,right,25,0.1,0.094163918,0.111436881,0.941639182,1.114368808,9,6.776250374,7.745631926,0.752916708,0.86062577
AE06,right,27,0.2,0.19659722,0.199058889,0.9829861,0.995294446,9,7.837445653,7.524310483,0.870827295,0.836034498
AE06,left,1,0.2,0.202016965,0.19146905,1.010084824,0.957345249,9,8.185725094,7.787404605,0.909525011,0.865267178
AE06,left,2,0.1,0.099181869,0.107842229,0.991818685,1.078422291,9,8.719928526,6.304437328,0.968880947,0.700493036
AE06,left,3,0.1,0.103149558,0.104905939,1.031495575,1.049059391,9,8.557260051,7.409164255,0.950806672,0.823240473
AE06,left,4,0.2,0.205043173,0.194639552,1.025215863,0.973197759,9,8.347780233,8.271663474,0.927531137,0.919073719
AE06,left,6,0.1,0.1016073,0.103206299,1.016073,1.032062993,9,8.392203151,8.189236267,0.932467017,0.909915141
AE06,left,8,0.2,0.206359146,0.201637726,1.031795729,1.008188628,9,8.51105215,8.254062417,0.945672461,0.917118046
AE06,left,9,0.1,0.099405465,0.108266894,0.994054648,1.082668943,9,8.539055545,8.439525204,0.94878395,0.937725023
AE06,left,12,0.2,0.215917835,0.216393428,1.079589175,1.081967141,9,8.275136003,7.486649894,0.919459556,0.831849988
AE06,left,14,0.2,0.203329813,0.196491654,1.016649064,0.982458271,9,8.518883993,7.945399585,0.946542666,0.882822176
AE06,left,15,0.1,0.100251377,0.107182759,1.002513772,1.071827593,9,8.139521105,8.223103927,0.904391234,0.913678214
AE06,left,16,0.2,0.209350559,0.206160106,1.046752794,1.030800532,9,7.893394202,7.861460092,0.8770438,0.873495566
AE06,left,17,0.1,0.102560242,0.10808843,1.025602424,1.080884303,9,7.76994885,7.431708231,0.86332765,0.825745359
AE06,left,18,0.1,0.096691766,0.094193526,0.966917664,0.941935259,9,7.769598927,7.495989093,0.86328877,0.832887677
AE06,left,19,0.2,0.202942545,0.199057247,1.014712726,0.995286234,9,8.240057729,8.044106433,0.91556197,0.893789604
AE06,left,22,0.2,0.20205138,0.195915931,1.0102569,0.979579653,9,7.89800782,7.763674369,0.877556425,0.862630486
AE06,left,25,0.1,0.098148161,0.106383501,0.981481612,1.063835013,9,8.617440252,7.883944481,0.957493361,0.875993831
AE06,left,27,0.2,0.204030069,0.203636619,1.020150347,1.018183097,9,7.761893591,7.766829633,0.862432621,0.86298107
AE06,left,29,0.1,0.103164122,0.10081125,1.031641217,1.0081125,9,7.736068577,6.79581397,0.859563175,0.755090441
AE06,left,30,0.2,0.201481631,0.208895221,1.007408153,1.044476103,9,8.254214172,8.169394115,0.917134908,0.907710457
AE07,right,1,0.2,0.202495315,0.201506169,1.012476572,1.007530846,9,8.69609705,7.455078172,0.966233006,0.828342019
AE07,right,6,0.1,0.101602433,0.102669396,1.016024331,1.026693957,9,8.315179534,5.157617153,0.923908837,0.573068573
AE07,right,8,0.2,0.202740077,0.192199227,1.013700387,0.960996134,9,8.639596089,7.084526948,0.959955121,0.787169661
AE07,right,9,0.1,0.101323558,0.107864977,1.013235577,1.078649767,9,7.913089765,5.021177881,0.879232196,0.557908653
AE07,right,12,0.2,0.199640599,0.189897296,0.998202994,0.94948648,9,8.485897452,7.217615289,0.942877495,0.801957254
AE07,right,14,0.2,0.201089833,0.18587459,1.005449162,0.929372952,9,8.163413447,7.136965342,0.907045939,0.792996149
AE07,right,16,0.2,0.203166178,0.182302552,1.015830889,0.911512761,9,8.245302098,7.19423873,0.916144678,0.799359859
AE07,right,18,0.1,0.105939798,0.102239006,1.059397977,1.022390063,9,8.078332429,5.321065255,0.897592492,0.591229473
AE07,right,19,0.2,0.200751406,0.193789065,1.00375703,0.968945324,9,8.657493587,7.522404287,0.961943732,0.835822699
AE07,right,22,0.2,0.199127735,0.185389926,0.995638674,0.926949627,9,8.472153424,7.082849269,0.94135038,0.786983252
AE07,right,27,0.2,0.201128395,0.187507669,1.005641973,0.937538343,9,8.387119228,7.656134839,0.931902137,0.850681649
AE07,right,28,0.1,0.103181725,0.105266013,1.031817254,1.052660126,9,8.199442534,7.053043188,0.911049171,0.783671465
AE07,right,30,0.2,0.200631029,0.204468303,1.003155142,1.022341516,9,8.431704595,7.02684912,0.936856066,0.780761013
AE07,left,1,0.2,0.20113915,0.202704628,1.005695748,1.01352314,9,8.577312417,7.646784598,0.953034713,0.849642733
AE07,left,6,0.1,0.098610539,0.103446578,0.986105386,1.034465776,9,8.48433478,6.51703423,0.942703865,0.724114914
AE07,left,8,0.2,0.202449215,0.192341971,1.012246076,0.961709855,9,8.711571295,7.820254521,0.967952366,0.868917169
AE07,left,9,0.1,0.100409249,0.111707058,1.004092492,1.11707058,9,8.304767488,5.901128607,0.922751943,0.655680956
AE07,left,12,0.2,0.200370239,0.18300266,1.001851195,0.915013302,9,8.596352564,7.70378321,0.955150285,0.855975912
AE07,left,14,0.2,0.20303318,0.198969869,1.015165901,0.994849344,9,8.224052559,7.297663938,0.913783618,0.810851549
AE07,left,16,0.2,0.2042178,0.194631694,1.021088999,0.973158471,9,8.252919175,7.647634174,0.91699102,0.849737131
AE07,left,18,0.1,0.104243763,0.102767193,1.04243763,1.027671927,9,8.158088876,6.374525928,0.90645432,0.708280659
AE07,left,19,0.2,0.200073732,0.212466067,1.000368659,1.062330335,9,8.69760982,7.347542866,0.966401091,0.816393652
AE07,left,22,0.2,0.199541399,0.18928651,0.997706994,0.946432549,9,8.463517095,7.960575016,0.940390788,0.884508335
AE07,left,27,0.2,0.202889053,0.176185647,1.014445263,0.880928233,9,8.394995402,7.868593408,0.932777267,0.874288156
AE07,left,28,0.1,0.102037342,0.094738199,1.020373422,0.947381988,9,8.559855559,7.98312351,0.951095062,0.887013723
AE07,left,30,0.2,0.200046853,0.197506508,1.000234262,0.987532538,9,8.375774772,7.671607967,0.930641641,0.852400885
AE08,right,1,0.2,0.199037443,0.128324692,0.995187214,0.641623459,9,8.977906551,8.14975319,0.997545172,0.905528132
AE08,right,2,0.1,0.101229936,0.10389777,1.012299362,1.038977695,9,8.220289647,7.54935083,0.913365516,0.838816759
AE08,right,3,0.1,0.102569571,0.111001536,1.025695711,1.110015359,9,8.375298078,6.97151455,0.930588675,0.774612728
AE08,right,4,0.2,0.201267298,0.202261234,1.006336488,1.011306168,9,8.472072518,7.57413074,0.941341391,0.841570082
AE08,right,6,0.1,0.101954898,0.110317335,1.019548977,1.103173349,9,8.172451453,5.773911508,0.908050162,0.641545723
AE08,right,8,0.2,0.199316644,0.12855178,0.996583222,0.642758897,9,8.454592777,7.880678012,0.939399197,0.87563089
AE08,right,9,0.1,0.100542843,0.106500912,1.005428434,1.06500912,9,7.985522645,5.73543003,0.887280294,0.637270003
AE08,right,12,0.2,0.19891763,0.190973629,0.994588149,0.954868147,9,8.704884542,7.665416138,0.967209394,0.851712904
AE08,right,14,0.2,0.20198236,0.143562187,1.009911801,0.717810934,9,8.552885711,7.809950611,0.950320635,0.86777229
AE08,right,15,0.1,0.100570363,0.101141042,1.005703631,1.011410416,9,8.637272826,7.055476322,0.959696981,0.783941814
AE08,right,16,0.2,0.200157669,0.187557327,1.000788342,0.937786634,9,8.761745647,8.070816707,0.973527294,0.896757412
AE08,right,17,0.1,0.10078344,0.107076284,1.007834403,1.070762835,9,8.207500242,6.340224134,0.911944471,0.704469348
AE08,right,18,0.1,0.101095174,0.109850097,1.010951744,1.098500972,9,8.904045323,6.65854604,0.989338369,0.739838449
AE08,right,19,0.2,0.20051656,0.182490478,1.002582799,0.912452389,9,8.707293447,7.531270315,0.96747705,0.836807813
AE08,right,25,0.1,0.10045391,0.111834078,1.004539102,1.118340776,9,8.261314525,6.963115153,0.917923836,0.773679461
AE08,right,27,0.2,0.200751606,0.196817848,1.003758032,0.984089238,9,8.774698603,7.635559637,0.974966512,0.848395515
AE08,right,28,0.1,0.100159201,0.109038883,1.001592008,1.090388831,9,8.658794735,7.279395892,0.962088304,0.808821766
AE08,right,29,0.1,0.1010159,0.105372263,1.010158999,1.053722634,9,8.500872877,8.062036764,0.944541431,0.895781863
AE08,right,30,0.2,0.205293809,0.198911153,1.026469047,0.994555767,9,8.558004476,7.987298008,0.950889386,0.887477557
AE08,left,1,0.2,0.203256036,0.193719541,1.016280178,0.968597705,9,8.670568693,7.079331812,0.963396522,0.786592424
AE08,left,2,0.1,0.101304794,0.102985912,1.013047938,1.029859121,9,8.218525053,7.814403586,0.91316945,0.868267065
AE08,left,3,0.1,0.102180922,0.105690445,1.021809215,1.056904447,9,8.428500662,7.873810637,0.936500074,0.874867849
AE08,left,4,0.2,0.200071143,0.197174873,1.000355716,0.985874367,9,8.630724354,8.355491119,0.958969373,0.928387902
AE08,left,6,0.1,0.100458671,0.108989197,1.004586712,1.089891965,9,8.19962034,6.227791633,0.911068927,0.691976848
AE08,left,8,0.2,0.201213127,0.197257203,1.006065632,0.986286015,9,8.403632244,7.945310178,0.933736916,0.882812242
AE08,left,9,0.1,0.10270791,0.110395952,1.027079098,1.103959524,9,7.93052323,6.833819689,0.881169248,0.759313299
AE08,left,12,0.2,0.199453358,0.18600134,0.997266792,0.930006701,9,8.603819261,8.123071324,0.955979918,0.902563481
AE08,left,14,0.2,0.202375168,0.199367128,1.01187584,0.99683564,9,8.457997979,7.61885054,0.939777553,0.846538949
AE08,left,15,0.1,0.100983605,0.098359424,1.009836045,0.983594241,9,8.642346295,7.768106063,0.9602607,0.863122896
AE08,left,16,0.2,0.203389766,0.200707935,1.01694883,1.003539676,9,8.659446722,8.090315271,0.962160747,0.898923919
AE08,left,17,0.1,0.101058103,0.10969407,1.010581026,1.096940701,9,8.298925682,6.588022568,0.922102854,0.732002508
AE08,left,18,0.1,0.100203921,0.102553512,1.002039212,1.025535123,9,8.801720172,7.066778647,0.977968908,0.785197627
AE08,left,19,0.2,0.199480093,0.181370008,0.997400466,0.906850041,9,8.61701906,8.131669267,0.957446562,0.903518807
AE08,left,25,0.1,0.099936215,0.105991486,0.999362147,1.059914863,9,8.078985243,7.309450741,0.897665027,0.812161194
AE08,left,27,0.2,0.200708434,0.197809249,1.003542167,0.989046246,9,8.692704953,8.485163997,0.965856106,0.942796
AE08,left,28,0.1,0.100719794,0.107333968,1.00719794,1.073339675,9,8.323020902,7.807115568,0.9247801,0.867457285
AE08,left,29,0.1,0.099350711,0.099236867,0.993507112,0.992368671,9,8.301920454,7.927307934,0.922435606,0.880811993
AE08,left,30,0.2,0.205309069,0.203866695,1.026545344,1.019333474,9,8.297834665,7.800145143,0.921981629,0.866682794
AE09,right,1,0.2,0.204510604,0.196799682,1.022553022,0.983998408,9,8.48314283,8.137889827,0.942571426,0.904209981
AE09,right,2,0.1,0.100170778,0.109504602,1.001707779,1.095046016,9,8.760598015,7.956859307,0.973399779,0.884095479
AE09,right,3,0.1,0.101351158,0.110116211,1.013511579,1.101162107,9,8.736550031,7.601310066,0.970727781,0.844590007
AE09,right,4,0.2,0.201935959,0.200903182,1.009679794,1.004515909,9,8.488450965,8.091786476,0.943161218,0.899087386
AE09,right,6,0.1,0.09995143,0.101058723,0.999514302,1.010587233,9,8.355088059,7.370904031,0.928343118,0.818989337
AE09,right,8,0.2,0.203851408,0.202101013,1.019257042,1.010505063,9,8.650937642,8.095650291,0.961215294,0.899516699
AE09,right,9,0.1,0.101413271,0.104427697,1.014132713,1.044276965,9,8.242603406,7.110828006,0.915844823,0.790092001
AE09,right,14,0.2,0.201544889,0.191554273,1.007724444,0.957771365,9,8.637929048,8.253043922,0.959769894,0.91700488
AE09,right,18,0.1,0.101259113,0.100069939,1.012591125,1.00069939,9,8.396683971,7.289090621,0.932964886,0.809898958
AE09,right,19,0.2,0.199261447,0.188757005,0.996307235,0.943785025,9,8.726070028,8.551618935,0.969563336,0.950179882
AE09,right,22,0.2,0.203545705,0.196874458,1.017728522,0.984372291,9,9.270214876,8.540417305,1.030023875,0.948935256
AE09,right,25,0.1,0.10154564,0.10525154,1.015456395,1.052515398,9,8.487191183,8.088618346,0.943021243,0.898735372
AE09,right,28,0.1,0.100526458,0.134533027,1.005264576,1.345330274,9,8.413461261,6.193386128,0.934829029,0.688154014
AE09,right,30,0.2,0.202640781,0.138902853,1.013203904,0.694514267,9,8.343622066,8.959412843,0.927069118,0.995490316
AE09,left,1,0.2,0.201245608,0.13509992,1.006228039,0.675499599,9,8.166453554,7.633671134,0.907383728,0.848185682
AE09,left,2,0.1,0.101477866,0.104872913,1.01477866,1.048729131,9,8.103576126,6.910619503,0.900397347,0.767846612
AE09,left,3,0.1,0.101357048,0.107436225,1.013570483,1.074362248,9,8.44787096,7.720863695,0.938652329,0.857873744
AE09,left,4,0.2,0.201325999,0.19836583,1.006629993,0.99182915,9,8.371866973,7.78456828,0.930207442,0.864952031
AE09,left,6,0.1,0.100528273,0.106787081,1.005282725,1.067870812,9,8.199606153,7.328697595,0.91106735,0.814299733
AE09,left,8,0.2,0.203109927,0.202411512,1.015549634,1.012057562,9,8.513613881,8.371965623,0.945957098,0.930218403
AE09,left,9,0.1,0.100951872,0.105846872,1.009518719,1.058468716,9,8.310327703,6.868421307,0.923369745,0.763157923
AE09,left,14,0.2,0.201775618,0.197572521,1.008878089,0.987862604,9,8.500980136,8.331678541,0.944553348,0.92574206
AE09,left,18,0.1,0.102526441,0.104737041,1.025264408,1.047370408,9,8.139984838,7.596959017,0.90444276,0.844106557
AE09,left,19,0.2,0.201271269,0.20402103,1.006356346,1.020105151,9,8.329026357,8.146704155,0.925447373,0.905189351
AE09,left,22,0.2,0.202141642,0.193458546,1.010708212,0.967292729,9,7.939825911,7.935213314,0.882202879,0.881690368
AE09,left,25,0.1,0.1033605,0.106039503,1.033604998,1.060395032,9,8.319974524,8.328057538,0.924441614,0.925339727
AE09,left,28,0.1,0.101439193,0.128486743,1.01439193,1.284867431,9,8.591611387,6.700834684,0.954623487,0.744537187
AE09,left,30,0.2,0.202100733,0.143076302,1.010503665,0.71538151,9,8.086014408,8.924597412,0.898446045,0.991621935
AE10,right,4,0.2,0.202088176,0.19872385,1.01044088,0.99361925,9,8.051695308,7.861051245,0.894632812,0.873450138
AE10,right,8,0.2,0.19926042,0.191693945,0.996302101,0.958469726,9,8.146137326,8.077863502,0.90512637,0.897540389
AE10,right,27,0.2,0.204429486,0.201721304,1.02214743,1.008606519,9,8.265650091,8.978797155,0.918405566,0.997644128
AE10,left,4,0.2,0.200591801,0.190358814,1.002959004,0.951794069,9,8.065917346,9.137347956,0.896213038,1.015260884
AE10,left,8,0.2,0.199714216,0.195640733,0.998571082,0.978203666,9,7.937051925,8.712493973,0.881894658,0.968054886
AE10,left,27,0.2,0.204220174,0.205347589,1.021100871,1.026737945,9,7.626049824,8.140735312,0.847338869,0.904526146
AE11,right,1,0.2,0.202632312,0.19559108,1.013161561,0.977955398,9,7.772841194,7.293325134,0.863649022,0.810369459
AE11,right,2,0.1,0.099498733,0.109338123,0.994987331,1.093381228,9,8.081646069,6.529568818,0.897960674,0.725507646
AE11,right,3,0.1,0.100019245,0.113375798,1.000192452,1.133757979,9,8.244258475,6.878197683,0.916028719,0.764244187
AE11,right,4,0.2,0.202008889,0.204600302,1.010044447,1.023001508,9,8.126874443,7.820824678,0.902986049,0.86898052
AE11,right,6,0.1,0.101406963,0.098870079,1.014069625,0.988700792,9,8.136337098,7.722632616,0.904037455,0.858070291
AE11,right,8,0.2,0.201100901,0.200737579,1.005504506,1.003687897,9,8.365967948,7.440992802,0.929551994,0.826776978
AE11,right,9,0.1,0.100816596,0.106767878,1.008165958,1.067678777,9,8.24755424,5.859704225,0.916394916,0.651078247
AE11,right,14,0.2,0.197424047,0.192826867,0.987120236,0.964134335,9,8.093880902,7.853760633,0.8993201,0.87264007
AE11,right,15,0.1,0.101533702,0.096321711,1.01533702,0.963217109,9,8.214305334,7.638556918,0.912700593,0.848728547
AE11,right,16,0.2,0.201645441,0.240078741,1.008227206,1.200393706,9,8.290313627,6.844737987,0.921145959,0.760526443
AE11,right,17,0.1,0.100797317,0.104337244,1.007973169,1.043372438,9,8.268705694,7.487672716,0.918745077,0.831963635
AE11,right,18,0.1,0.101421963,0.100029276,1.014219625,1.00029276,9,8.176958132,7.099441101,0.908550904,0.788826789
AE11,right,19,0.2,0.201987147,0.191393523,1.009935735,0.956967614,9,8.421535989,8.129570153,0.935726221,0.903285573
AE11,right,22,0.2,0.201164433,0.192853856,1.005822167,0.964269279,9,8.461852963,8.124887441,0.940205885,0.902765271
AE11,right,25,0.1,0.101973026,0.107443133,1.019730258,1.074431333,9,8.233283975,6.810946496,0.914809331,0.756771833
AE11,right,27,0.2,0.19993103,0.17157611,0.99965515,0.857880551,9,8.197625929,7.470327398,0.910847326,0.830036378
AE11,right,28,0.1,0.101045499,0.104919995,1.01045499,1.049199946,9,8.176104709,7.684120438,0.908456079,0.85379116
AE11,right,29,0.1,0.1011095,0.11278018,1.011094995,1.127801803,9,8.527093917,6.044640461,0.94745488,0.671626718
AE11,right,30,0.2,0.201501119,0.207998058,1.007505595,1.039990291,9,8.288294736,7.014373892,0.920921637,0.779374877
AE11,left,1,0.2,0.200981285,0.197092077,1.004906423,0.985460384,9,7.919765193,7.642557315,0.87997391,0.849173035
AE11,left,2,0.1,0.102434379,0.107653538,1.024343785,1.076535381,9,7.589751632,6.454584616,0.843305737,0.717176069
AE11,left,3,0.1,0.101486573,0.109819113,1.014865734,1.098191132,9,7.777033881,6.84044069,0.864114876,0.760048966
AE11,left,4,0.2,0.20193652,0.198627591,1.009682602,0.993137955,9,8.279425287,7.968333564,0.919936143,0.885370396
AE11,left,6,0.1,0.101401591,0.100647797,1.014015907,1.006477973,9,8.276431597,7.351253451,0.919603511,0.816805939
AE11,left,8,0.2,0.202733303,0.184360511,1.013666516,0.921802555,9,8.435624058,8.226730392,0.937291562,0.914081155
AE11,left,9,0.1,0.101020395,0.113685776,1.010203947,1.136857762,9,8.265231271,6.294739613,0.91835903,0.699415513
AE11,left,14,0.2,0.197298722,0.197937246,0.986493608,0.98968623,9,8.248850607,7.798681805,0.916538956,0.866520201
AE11,left,15,0.1,0.100588483,0.105642067,1.005884825,1.056420672,9,8.292262684,7.081768076,0.92136252,0.78686312
AE11,left,16,0.2,0.201970198,0.194770558,1.009850991,0.973852791,9,8.182560843,7.22836127,0.909173427,0.803151252
AE11,left,17,0.1,0.097348082,0.105914173,0.973480824,1.059141726,9,8.676270607,7.124152176,0.964030068,0.791572464
AE11,left,18,0.1,0.101619127,0.107924738,1.016191271,1.079247383,9,8.312594504,7.423548978,0.923621612,0.824838775
AE11,left,19,0.2,0.203608976,0.204268562,1.018044881,1.021342811,9,8.352692316,8.007591624,0.928076924,0.889732403
AE11,left,22,0.2,0.203763002,0.205782866,1.018815007,1.028914329,9,8.415513794,8.036601333,0.935057088,0.892955704
AE11,left,25,0.1,0.101423864,0.101341214,1.014238642,1.013412143,9,8.249200905,7.568788718,0.916577878,0.840976524
AE11,left,27,0.2,0.200090892,0.198648926,1.000454459,0.993244628,9,8.273838936,7.599354183,0.919315437,0.844372687
AE11,left,28,0.1,0.100876375,0.102083779,1.008763749,1.020837792,9,8.27199892,7.581722772,0.919110991,0.842413641
AE11,left,29,0.1,0.101687903,0.112407311,1.016879034,1.124073108,9,8.200048795,5.833781845,0.911116533,0.648197983
AE11,left,30,0.2,0.203383617,0.201045917,1.016918084,1.005229586,9,8.483917567,7.820761768,0.942657507,0.86897353
AE12,right,1,0.2,0.202011906,0.194290533,1.01005953,0.971452663,9,9.05053662,7.186360498,1.00561518,0.7984845
AE12,right,2,0.1,0.103176296,0.112095654,1.031762957,1.120956538,9,9.207806128,5.565341029,1.02308957,0.618371226
AE12,right,3,0.1,0.099987321,0.114626235,0.999873212,1.146262349,9,9.447734237,5.46688257,1.049748249,0.607431397
AE12,right,4,0.2,0.203544804,0.122820709,1.017724019,0.614103542,9,8.99082579,8.464856919,0.998980643,0.940539658
AE12,right,8,0.2,0.201307835,0.173858147,1.006539175,0.869290735,9,8.459903598,6.721823638,0.939989289,0.746869293
AE12,right,9,0.1,0.100316781,0.110225984,1.003167811,1.102259842,9,10.06833599,6.855617575,1.118703999,0.761735286
AE12,right,12,0.2,0.200137273,0.203399989,1.000686366,1.016999942,9,8.626060365,7.088112345,0.958451152,0.787568038
AE12,right,14,0.2,0.199649843,0.213847441,0.998249215,1.069237203,9,8.317812635,5.936678747,0.924201404,0.659630972
AE12,right,15,0.1,0.103266976,0.104309933,1.032669755,1.043099332,9,8.366050783,4.899369983,0.929561198,0.544374443
AE12,right,16,0.2,0.200364158,0.154758488,1.001820788,0.773792439,9,8.366625059,6.288314203,0.929625007,0.698701578
AE12,right,17,0.1,0.100862973,0.103755765,1.008629732,1.037557653,9,8.61678977,5.947748147,0.957421086,0.660860905
AE12,right,22,0.2,0.202772267,0.189723676,1.013861333,0.94861838,9,7.852310037,5.940647165,0.872478893,0.660071907
AE12,right,30,0.2,0.202036292,0.206699827,1.010181462,1.033499132,9,7.573509968,5.941219797,0.841501108,0.660135533
AE12,left,1,0.2,0.211889041,0.190261062,1.059445204,0.951305309,9,7.942619841,5.326416972,0.882513316,0.591824108
AE12,left,2,0.1,0.100832253,0.119835194,1.008322531,1.198351943,9,9.216947753,4.080383361,1.024105306,0.453375929
AE12,left,3,0.1,0.099811712,0.117914266,0.998117124,1.17914266,9,9.800289129,4.337581388,1.088921014,0.481953488
AE12,left,4,0.2,0.201672766,0.117460841,1.00836383,0.587304203,9,8.93381261,6.227880065,0.992645846,0.691986674
AE12,left,8,0.2,0.201603619,0.19775389,1.008018095,0.988769449,9,8.320562011,4.56057026,0.92450689,0.506730029
AE12,left,9,0.1,0.107825497,0.090635164,1.078254969,0.906351645,9,8.13401507,5.824105639,0.903779452,0.647122849
AE12,left,12,0.2,0.200517671,0.202220516,1.002588355,1.01110258,9,8.784930581,5.024899312,0.976103398,0.558322146
AE12,left,14,0.2,0.20332829,0.179775514,1.016641451,0.898877569,9,8.119929807,5.073778639,0.902214423,0.563753182
AE12,left,15,0.1,0.103945062,0.106510379,1.039450618,1.065103789,9,7.573020012,4.88049511,0.841446668,0.542277234
AE12,left,16,0.2,0.200523242,0.186657428,1.002616212,0.933287139,9,8.210399231,4.614266799,0.912266581,0.512696311
AE12,left,17,0.1,0.102283231,0.103706175,1.022832307,1.037061754,9,7.870002311,5.072065201,0.874444701,0.5635628
AE12,left,22,0.2,0.20339312,0.198663255,1.016965598,0.993316273,9,7.796771646,4.716669587,0.866307961,0.524074399
AE12,left,30,0.2,0.199695937,0.188741006,0.998479684,0.943705028,9,7.50739875,5.044271604,0.834155417,0.560474623
AE13,right,1,0.2,0.201202079,0.200717546,1.006010394,1.00358773,9,8.049593421,7.605992253,0.894399269,0.84511025
AE13,right,2,0.1,0.100078517,0.129637849,1.000785169,1.296378493,9,8.451116373,6.477207328,0.93901293,0.719689703
AE13,right,3,0.1,0.101828964,0.10602987,1.018289641,1.060298698,9,8.584694283,7.501444309,0.95385492,0.833493812
AE13,right,4,0.2,0.200478208,0.200201857,1.00239104,1.001009287,9,8.246034458,8.32568302,0.916226051,0.925075891
AE13,right,6,0.1,0.099546957,0.111659452,0.995469566,1.116594524,9,8.058539091,8.670481527,0.895393232,0.963386836
AE13,right,8,0.2,0.200977525,0.194425774,1.004887627,0.972128868,9,8.365145299,8.723312454,0.929460589,0.969256939
AE13,right,9,0.1,0.102409033,0.102468197,1.024090329,1.024681965,9,7.769183535,9.042102555,0.863242615,1.004678062
AE13,right,12,0.2,0.202238848,0.197472804,1.011194242,0.987364019,9,8.19701502,9.239967999,0.910779447,1.026663111
AE13,right,14,0.2,0.201738777,0.188621966,1.008693885,0.943109831,9,8.324766178,8.488888531,0.92497402,0.943209837
AE13,right,15,0.1,0.099057586,0.110817351,0.990575859,1.108173508,9,8.174916425,8.463169142,0.908324047,0.940352127
AE13,right,16,0.2,0.1997365,0.197084758,0.9986825,0.985423791,9,8.330152056,8.66947015,0.925572451,0.963274461
AE13,right,17,0.1,0.102295214,0.115666799,1.022952139,1.156667989,9,7.728716852,8.804020369,0.858746317,0.978224485
AE13,right,18,0.1,0.102513016,0.107861374,1.025130163,1.078613741,9,7.870773838,8.82066044,0.874530426,0.980073382
AE13,right,19,0.2,0.203450383,0.199271943,1.017251914,0.996359716,9,8.29464081,8.684401723,0.921626757,0.964933525
AE13,right,25,0.1,0.099241418,0.099837677,0.992414185,0.998376775,9,8.65703793,7.417539008,0.961893103,0.824171001
AE13,right,27,0.2,0.20120906,0.199891256,1.006045301,0.999456281,9,8.164396185,8.434401513,0.907155132,0.937155724
AE13,right,28,0.1,0.102640153,0.116311258,1.026401527,1.163112576,9,8.510409613,6.037348166,0.945601068,0.670816463
AE13,right,29,0.1,0.10506534,0.108401867,1.050653397,1.084018666,9,8.079938068,7.342601675,0.897770896,0.815844631
AE13,right,30,0.2,0.204334578,0.199246859,1.021672892,0.996234293,9,8.337655605,8.415623329,0.926406178,0.935069259
AE13,left,1,0.2,0.202446878,0.201587612,1.012234387,1.007938058,9,8.22404351,7.749202974,0.913782612,0.861022553
AE13,left,2,0.1,0.101159491,0.129772558,1.011594907,1.29772558,9,8.217469927,5.441106688,0.913052214,0.60456741
AE13,left,3,0.1,0.102274332,0.103668187,1.022743317,1.036681869,9,8.330305241,6.46804297,0.925589471,0.718671441
AE13,left,4,0.2,0.200526194,0.199473996,1.002630969,0.997369982,9,8.398458965,7.919841121,0.933162107,0.879982347
AE13,left,6,0.1,0.10007003,0.111988056,1.000700303,1.119880557,9,8.350222301,6.496462951,0.927802478,0.721829217
AE13,left,8,0.2,0.202475319,0.191802155,1.012376593,0.959010773,9,8.26622072,8.002096766,0.918468969,0.889121863
AE13,left,9,0.1,0.101757852,0.098186891,1.017578523,0.981868914,9,8.099327453,8.44100412,0.899925273,0.937889347
AE13,left,12,0.2,0.20210399,0.194821394,1.010519948,0.974106969,9,8.205522061,7.873648105,0.911724674,0.874849789
AE13,left,14,0.2,0.203257526,0.180269928,1.016287627,0.90134964,9,8.283077388,7.558192297,0.920341932,0.839799144
AE13,left,15,0.1,0.098726978,0.108919742,0.98726978,1.089197418,9,8.230225865,6.562823325,0.914469541,0.729202592
AE13,left,16,0.2,0.199096145,0.190159288,0.995480726,0.95079644,9,8.378859072,8.165689099,0.930984341,0.907298789
AE13,left,17,0.1,0.102152801,0.113533195,1.021528012,1.135331954,9,7.846323873,6.699212803,0.871813764,0.744356978
AE13,left,18,0.1,0.101722722,0.106757349,1.017227222,1.067573488,9,7.857299041,7.510557789,0.873033227,0.834506421
AE13,left,19,0.2,0.201903462,0.196878271,1.009517308,0.984391357,9,8.373671757,8.111538448,0.930407973,0.90128205
AE13,left,25,0.1,0.09987991,0.105414476,0.998799099,1.05414476,9,8.599126806,7.217357834,0.955458534,0.801928648
AE13,left,27,0.2,0.202286525,0.194841766,1.011432627,0.974208828,9,8.502499847,7.507264403,0.944722205,0.834140489
AE13,left,28,0.1,0.103786761,0.108952755,1.03786761,1.089527554,9,8.575232581,7.417169798,0.95280362,0.824129978
AE13,left,29,0.1,0.105020684,0.105970633,1.050206836,1.059706328,9,8.157648124,7.556267933,0.906405347,0.839585326
AE13,left,30,0.2,0.205292392,0.202888668,1.026461959,1.01444334,9,8.490700675,8.264567899,0.943411186,0.918285322
